pte_codigo,anio,pte_nombre,apropiacion,compromiso,obligacion,pago,art86_obligacion,mat_pregrado_s1,mat_pregrado_s2,mat_pregrado_prom,mat_posgrado_s1,mat_posgrado_s2,mat_posgrado_prom,mat_total_prom,grad_pregrado,grad_posgrado,grad_total,n_sedes_snies,n_sedes_saber_pro,n_evaluados,n_ceros_escrita,pct_ceros_escrita,global_a,global_b,global_c,apropiacion_mm,compromiso_mm,obligacion_mm,pago_mm,art86_obligacion_mm,incluida_dea,nota
225701,2023,universidad nacional de colombia,1254288133774.0,1254288133774.0,1254288133774.0,1254288133774.0,1168659882547.0,49860,48541,49200.5,7174,6613,6893.5,56094.0,5691,3291,8982,7,4,5273,95,1.8,177.12,177.87,177.73,1254.288133774,1254.288133774,1254.288133774,1254.288133774,1168.659882547,True,
225701,2024,universidad nacional de colombia,1455008227258.0,1455008227258.0,1371539493067.0,1371539493067.0,1276410323718.0,49409,49214,49311.5,7118,6525,6821.5,56133.0,6070,3389,9459,7,5,5969,116,1.94,179.31,180.17,179.98,1455.008227258,1455.008227258,1371.539493067,1371.539493067,1276.410323718,True,
225702,2023,universidad de antioquia,533482226898.0,533482226898.0,533482226898.0,533482226898.0,526534674623.0,34856,35252,35054.0,2688,3033,2860.5,37914.5,4146,1417,5563,7,7,3196,84,2.63,162.08,163.2,162.87,533.482226898,533.482226898,533.482226898,533.482226898,526.534674623,True,
225702,2024,universidad de antioquia,603922003348.0,603922003348.0,603922003348.0,603922003348.0,599801506589.0,36860,37457,37158.5,2705,3162,2933.5,40092.0,4028,1400,5428,7,7,4178,113,2.7,166.56,167.7,167.41,603.922003348,603.922003348,603.922003348,603.922003348,599.801506589,True,
225703,2023,universidad del valle,400138598786.0,400138598786.0,400138598786.0,400138598786.0,394347361499.0,32194,31362,31778.0,2496,2356,2426.0,34204.0,3938,1167,5105,1,1,2945,127,4.31,159.56,161.35,160.86,400.138598786,400.138598786,400.138598786,400.138598786,394.347361499,True,
225703,2024,universidad del valle,453118833865.0,453118833865.0,453118833865.0,453118833865.0,449789758589.0,32815,32337,32576.0,2228,2222,2225.0,34801.0,4082,973,5055,1,1,3674,244,6.64,157.77,160.6,159.73,453.118833865,453.118833865,453.118833865,453.118833865,449.789758589,True,
225704,2023,universidad industrial de santander,220091864722.0,220091864722.0,220091864722.0,220091864722.0,214697542283.0,20297,20747,20522.0,1134,1031,1082.5,21604.5,2989,473,3462,1,1,2277,71,3.12,166.25,167.54,167.24,220.091864722,220.091864722,220.091864722,220.091864722,214.697542283,True,
225704,2024,universidad industrial de santander,252999544272.0,252999544272.0,252999544272.0,252999544272.0,250571833958.0,21254,22069,21661.5,1145,1223,1184.0,22845.5,3051,528,3579,1,1,2594,90,3.47,168.29,169.89,169.36,252.999544272,252.999544272,252.999544272,252.999544272,250.571833958,True,
225705,2023,universidad pedagogica y tecnologica de colombia,232841428910.0,232841428910.0,232841428910.0,232841428910.0,217892909575.0,29171,27936,28553.5,3058,2461,2759.5,31313.0,4802,3370,8172,4,4,2932,72,2.46,156.08,156.99,156.82,232.84142891,232.84142891,232.84142891,232.84142891,217.892909575,True,
225705,2024,universidad pedagogica y tecnologica de colombia,265193683196.0,265193683196.0,265193683196.0,265193683196.0,252310024180.0,29143,30522,29832.5,1827,3846,2836.5,32669.0,4585,2401,6986,4,4,3522,163,4.63,158.14,160.1,159.5,265.193683196,265.193683196,265.193683196,265.193683196,252.31002418,True,
225706,2023,universidad distrital francisco jose de caldas,49227530008.0,49227530008.0,49227530008.0,49227530008.0,44659159699.0,25898,23894,24896.0,0,0,0.0,24896.0,2643,595,3238,1,1,2419,47,1.94,165.39,166.02,166.04,49.227530008,49.227530008,49.227530008,49.227530008,44.659159699,True,
225706,2024,universidad distrital francisco jose de caldas,60780509251.0,60780509251.0,60780509251.0,60780509251.0,58538593932.0,22816,23156,22986.0,409,792,600.5,23586.5,2929,250,3179,1,1,3103,85,2.74,166.99,168.07,167.87,60.780509251,60.780509251,60.780509251,60.780509251,58.538593932,True,
225707,2023,universidad de cartagena,152456844635.0,152456844635.0,152456844635.0,152456844635.0,145351064508.0,20859,20895,20877.0,3278,3675,3476.5,24353.5,3271,2514,5785,1,1,2387,133,5.57,144.04,146.27,145.53,152.456844635,152.456844635,152.456844635,152.456844635,145.351064508,True,
225707,2024,universidad de cartagena,177379332829.0,177379332829.0,177379332819.0,177379332819.0,172946173606.0,21100,21971,21535.5,4264,3911,4087.5,25623.0,3065,3548,6613,1,1,3438,271,7.88,145.8,149.18,147.9,177.379332829,177.379332829,177.379332819,177.379332819,172.946173606,True,
225708,2023,universidad de nariño,120756159895.0,120756159895.0,120756159891.0,120756159891.0,116560394802.0,13994,13420,13707.0,1963,1832,1897.5,15604.5,1927,551,2478,1,1,1693,91,5.38,149.64,151.54,151.2,120.756159895,120.756159895,120.756159891,120.756159891,116.560394802,True,
225708,2024,universidad de nariño,140552085313.0,140552085313.0,140552085313.0,140552085313.0,139435139825.0,13540,13743,13641.5,1826,2004,1915.0,15556.5,2092,656,2748,1,1,1736,98,5.65,150.43,152.55,152.05,140.552085313,140.552085313,140.552085313,140.552085313,139.435139825,True,
225709,2023,universidad nacional abierta y a distancia unad,116040003089.0,116040003089.0,116040003089.0,113414007980.0,90307958533.0,142068,145630,143849.0,4409,3670,4039.5,147888.5,8766,1771,10537,1,1,8594,387,4.5,135.87,137.6,136.99,116.040003089,116.040003089,116.040003089,113.41400798,90.307958533,True,
225709,2024,universidad nacional abierta y a distancia unad,134618131991.0,134618131991.0,134618131991.0,134618131991.0,113585491349.0,166969,174617,170793.0,5346,5338,5342.0,176135.0,10658,1892,12550,1,1,11947,1067,8.93,136.1,139.53,138.36,134.618131991,134.618131991,134.618131991,134.618131991,113.585491349,True,
225710,2023,universidad del magdalena,109445192666.0,109445192666.0,109445192666.0,109445192666.0,102890600576.0,24011,24352,24181.5,604,512,558.0,24739.5,3520,439,3959,1,1,2565,124,4.83,145.68,147.78,146.94,109.445192666,109.445192666,109.445192666,109.445192666,102.890600576,True,
225710,2024,universidad del magdalena,130123878474.0,130123878474.0,130123878474.0,130123878474.0,126999026012.0,25179,26494,25836.5,831,870,850.5,26687.0,4276,591,4867,1,1,2831,193,6.82,145.59,148.57,147.39,130.123878474,130.123878474,130.123878474,130.123878474,126.999026012,True,
225711,2023,universidad del cauca,190420084092.0,190420084092.0,190420084092.0,190420084092.0,180826649543.0,16387,15804,16095.5,1142,1104,1123.0,17218.5,1888,456,2344,1,1,1927,65,3.37,154.54,155.91,155.52,190.420084092,190.420084092,190.420084092,190.420084092,180.826649543,True,
225711,2024,universidad del cauca,219361842549.0,219361842549.0,219361842549.0,219361842549.0,211695662887.0,16279,16106,16192.5,1049,1048,1048.5,17241.0,1984,461,2445,1,1,1885,42,2.23,161.57,162.4,162.27,219.361842549,219.361842549,219.361842549,219.361842549,211.695662887,True,
225712,2023,universidad tecnologica de pereira,203112063591.0,203112063591.0,203112063591.0,203112063591.0,192702571316.0,15146,15199,15172.5,1545,1343,1444.0,16616.5,2154,480,2634,1,1,1497,41,2.74,153.93,154.89,154.75,203.112063591,203.112063591,203.112063591,203.112063591,192.702571316,True,
225712,2024,universidad tecnologica de pereira,231302922180.0,231302922180.0,231302922180.0,231302922180.0,223463468305.0,15848,15938,15893.0,1443,1328,1385.5,17278.5,2071,459,2530,1,1,1722,68,3.95,155.46,157.11,156.6,231.30292218,231.30292218,231.30292218,231.30292218,223.463468305,True,
225713,2023,universidad de pamplona,86210864699.0,86210864699.0,86210864699.0,86210864699.0,81277616639.0,22050,21519,21784.5,453,403,428.0,22212.5,3519,231,3750,1,1,2685,112,4.17,142.06,143.73,143.15,86.210864699,86.210864699,86.210864699,86.210864699,81.277616639,True,
225713,2024,universidad de pamplona,102261353311.0,102261353311.0,102261353311.0,102261353311.0,100638343270.0,22756,23236,22996.0,391,391,391.0,23387.0,2928,196,3124,1,1,3283,274,8.35,141.09,144.19,143.33,102.261353311,102.261353311,102.261353311,102.261353311,100.63834327,True,
225714,2023,universidad surcolombiana,107774866015.0,107774866015.0,107774866015.0,107774866015.0,98889816661.0,13871,13815,13843.0,819,767,793.0,14636.0,1824,632,2456,1,1,1682,54,3.21,149.63,150.69,150.58,107.774866015,107.774866015,107.774866015,107.774866015,98.889816661,True,
225714,2024,universidad surcolombiana,125304318027.0,125304318027.0,125304318027.0,125304318027.0,118865066431.0,14132,13737,13934.5,749,717,733.0,14667.5,2084,473,2557,1,1,1775,85,4.79,150.96,152.76,152.33,125.304318027,125.304318027,125.304318027,125.304318027,118.865066431,True,
225715,2023,universidad pedagogica nacional,128817528511.0,128817528511.0,128817528511.0,128817528511.0,120968056489.0,8571,8363,8467.0,770,702,736.0,9203.0,1292,273,1565,1,1,919,15,1.63,153.83,154.41,154.31,128.817528511,128.817528511,128.817528511,128.817528511,120.968056489,True,
225715,2024,universidad pedagogica nacional,151909108719.0,151909108719.0,151909108719.0,151909108719.0,146565001600.0,8488,8736,8612.0,826,888,857.0,9469.0,1338,264,1602,1,1,1689,57,3.37,154.96,156.27,155.95,151.909108719,151.909108719,151.909108719,151.909108719,146.5650016,True,
225716,2023,universidad de caldas,151843791766.0,151843791766.0,151843791766.0,151843791766.0,142092139397.0,12904,13668,13286.0,864,828,846.0,14132.0,1822,308,2130,1,1,1244,44,3.54,154.38,155.7,155.42,151.843791766,151.843791766,151.843791766,151.843791766,142.092139397,True,
225716,2024,universidad de caldas,175621911480.0,175621911480.0,175621911480.0,175621911480.0,167275981842.0,14458,14612,14535.0,860,785,822.5,15357.5,2368,327,2695,1,1,1324,43,3.25,157.27,158.64,158.21,175.62191148,175.62191148,175.62191148,175.62191148,167.275981842,True,
225717,2023,universidad militar nueva granada,53600230083.0,53600230083.0,50373359376.0,50373359376.0,36355993932.0,16912,16503,16707.5,1925,1889,1907.0,18614.5,2272,1596,3868,1,1,2129,48,2.25,158.34,159.28,159.0,53.600230083,53.600230083,50.373359376,50.373359376,36.355993932,True,
225717,2024,universidad militar nueva granada,65653129454.0,65653129454.0,65653129454.0,65653129454.0,51895448285.0,17370,17768,17569.0,1702,1844,1773.0,19342.0,2504,1245,3749,1,1,2677,99,3.7,159.13,160.79,160.2,65.653129454,65.653129454,65.653129454,65.653129454,51.895448285,True,
225718,2023,universidad del atlantico,209272892966.0,209272892966.0,209272892966.0,209272892966.0,205798048733.0,21066,20670,20868.0,403,425,414.0,21282.0,3590,271,3861,1,1,2507,89,3.55,150.28,151.61,151.3,209.272892966,209.272892966,209.272892966,209.272892966,205.798048733,True,
225718,2024,universidad del atlantico,238594005515.0,238594005515.0,238594005515.0,238594005515.0,237257741222.0,20289,20672,20480.5,448,373,410.5,20891.0,3593,289,3882,1,1,3109,139,4.47,154.34,156.11,155.64,238.594005515,238.594005515,238.594005515,238.594005515,237.257741222,True,
225719,2023,universidad del tolima,98066945001.0,98066945001.0,97742401568.0,97742401568.0,91521530254.0,23384,23197,23290.5,854,877,865.5,24156.0,3507,832,4339,1,1,3551,157,4.42,140.87,142.54,142.04,98.066945001,98.066945001,97.742401568,97.742401568,91.521530254,True,
225719,2024,universidad del tolima,114002561556.0,114002561556.0,113947453912.0,113947453912.0,111983628979.0,23402,24579,23990.5,919,1007,963.0,24953.5,4348,622,4970,1,1,3662,308,8.41,139.32,142.57,141.5,114.002561556,114.002561556,113.947453912,113.947453912,111.983628979,True,
225720,2023,universidad de cordoba,154806412376.0,154806412376.0,154806412376.0,154806412376.0,148241904282.0,15076,14336,14706.0,0,0,0.0,14706.0,3055,70,3125,1,1,2391,149,6.23,140.92,143.1,142.6,154.806412376,154.806412376,154.806412376,154.806412376,148.241904282,True,
225720,2024,universidad de cordoba,177453067531.0,177453067531.0,166358068277.0,166358068277.0,161909807857.0,13952,13751,13851.5,371,333,352.0,14203.5,2509,89,2598,1,1,2721,190,6.98,144.67,147.28,146.59,177.453067531,177.453067531,166.358068277,166.358068277,161.909807857,True,
225721,2023,universidad del quindio,109482665982.0,109482665982.0,109482665982.0,109482665982.0,104367610303.0,16483,16187,16335.0,271,268,269.5,16604.5,2050,71,2121,1,1,1555,76,4.89,144.52,146.54,145.8,109.482665982,109.482665982,109.482665982,109.482665982,104.367610303,True,
225721,2024,universidad del quindio,127925279783.0,127925279783.0,127925279783.0,127925279783.0,125314056184.0,16529,16704,16616.5,269,169,219.0,16835.5,1956,76,2032,1,1,2059,134,6.51,147.39,149.88,149.21,127.925279783,127.925279783,127.925279783,127.925279783,125.314056184,True,
225722,2023,universidad popular del cesar,66003620726.0,66003620726.0,64479679679.0,64479679679.0,60914315242.0,15618,15297,15457.5,79,194,136.5,15594.0,2888,136,3024,2,2,2315,137,5.92,137.57,139.58,139.13,66.003620726,66.003620726,64.479679679,64.479679679,60.914315242,True,
225722,2024,universidad popular del cesar,81573236978.0,81573236978.0,81573236938.73,81573236938.73,78375591006.73,14907,15792,15349.5,744,735,739.5,16089.0,2590,208,2798,2,2,2076,230,11.08,141.22,145.53,144.17,81.573236978,81.573236978,81.57323693872999,81.57323693872999,78.37559100672999,True,
225723,2023,universidad de los llanos,65550142142.0,65550142142.0,65550142142.0,65550142142.0,59831895010.0,6827,7070,6948.5,457,392,424.5,7373.0,899,257,1156,1,1,757,29,3.83,151.51,153.13,152.59,65.550142142,65.550142142,65.550142142,65.550142142,59.83189501,True,
225723,2024,universidad de los llanos,78224885197.0,78224885197.0,78224885197.0,78224885197.0,75121829174.0,7177,7483,7330.0,422,416,419.0,7749.0,917,227,1144,1,1,764,35,4.58,153.58,155.53,154.88,78.224885197,78.224885197,78.224885197,78.224885197,75.121829174,True,
225724,2023,universidad francisco de paula santander,80055106582.0,80055106582.0,80055106582.0,80055106582.0,75693888294.0,15396,14600,14998.0,500,575,537.5,15535.5,2125,145,2270,1,1,1727,56,3.24,142.67,143.89,143.52,80.055106582,80.055106582,80.055106582,80.055106582,75.693888294,True,
225724,2024,universidad francisco de paula santander,93700055540.0,93700055540.0,93700055540.0,93700055540.0,92505965642.0,14475,14339,14407.0,687,673,680.0,15087.0,2048,252,2300,1,1,2269,123,5.42,145.35,147.32,146.86,93.70005554,93.70005554,93.70005554,93.70005554,92.505965642,True,
225725,2023,universidad francisco de paula santander seccional ocaña,44362543232.0,44362543232.0,44362543232.0,44362543232.0,40658917869.0,5626,5460,5543.0,353,379,366.0,5909.0,877,196,1073,1,1,698,38,5.44,139.18,141.18,140.6,44.362543232,44.362543232,44.362543232,44.362543232,40.658917869,True,En SNIES es seccional de UFPS (IES PADRE 1209); el PTE la financia aparte
225725,2024,universidad francisco de paula santander seccional ocaña,54076160135.0,54076160135.0,54076160135.0,54076160135.0,52974446052.0,5819,5884,5851.5,323,314,318.5,6170.0,842,221,1063,1,1,654,101,15.44,140.16,145.95,144.34,54.076160135,54.076160135,54.076160135,54.076160135,52.974446052,True,En SNIES es seccional de UFPS (IES PADRE 1209); el PTE la financia aparte
225726,2023,universidad de la amazonia,63450419285.0,63450419285.0,63450419285.0,63450419285.0,58049387756.0,8164,7562,7863.0,277,280,278.5,8141.5,2108,192,2300,1,1,1002,44,4.39,136.9,138.58,138.0,63.450419285,63.450419285,63.450419285,63.450419285,58.049387756,True,
225726,2024,universidad de la amazonia,78916042683.0,78916042683.0,78916042683.0,78916042683.0,74918250289.0,7524,7622,7573.0,299,323,311.0,7884.0,1114,199,1313,1,1,1106,134,12.12,139.36,143.96,142.58,78.916042683,78.916042683,78.916042683,78.916042683,74.918250289,True,
225727,2023,universidad colegio mayor de cundinamarca,51449934813.0,51449934813.0,51449934813.0,51449934813.0,46636057991.0,6604,6640,6622.0,231,277,254.0,6876.0,1005,186,1191,1,1,917,31,3.38,154.98,156.19,156.0,51.449934813,51.449934813,51.449934813,51.449934813,46.636057991,True,
225727,2024,universidad colegio mayor de cundinamarca,65965506327.0,65965506327.0,65965506327.0,65965506327.0,61636348229.0,6737,7056,6896.5,279,306,292.5,7189.0,1063,206,1269,1,1,973,43,4.42,154.88,156.74,156.15,65.965506327,65.965506327,65.965506327,65.965506327,61.636348229,True,
225728,2023,universidad de cundinamarca,43810849250.0,43810849250.0,43810849250.0,43810849250.0,39295870996.0,12288,11850,12069.0,275,258,266.5,12335.5,2261,324,2585,3,3,1865,93,4.99,146.73,148.45,148.16,43.81084925,43.81084925,43.81084925,43.81084925,39.295870996,True,
225728,2024,universidad de cundinamarca,53381275102.0,53381275102.0,53381275102.0,53381275102.0,51372694699.0,11768,11934,11851.0,222,181,201.5,12052.5,2024,306,2330,3,3,1754,141,8.04,145.41,148.36,147.66,53.381275102,53.381275102,53.381275102,53.381275102,51.372694699,True,
225729,2023,universidad tecnologica del choco diego luis cordoba,90082017376.0,90082017376.0,90082017376.0,90082017376.0,86970389375.0,14777,13398,14087.5,64,65,64.5,14152.0,2039,23,2062,1,1,1665,266,15.98,115.67,121.02,119.16,90.082017376,90.082017376,90.082017376,90.082017376,86.970389375,True,
225729,2024,universidad tecnologica del choco diego luis cordoba,106826237682.0,106826237682.0,106826237682.0,106826237682.0,104812940637.0,14973,14313,14643.0,65,119,92.0,14735.0,1904,63,1967,1,1,2037,281,13.79,116.69,121.54,119.67,106.826237682,106.826237682,106.826237682,106.826237682,104.812940637,True,
225730,2023,universidad de sucre,50765630517.0,50765630517.0,50765630517.0,50765630517.0,46215665742.0,6117,6086,6101.5,166,189,177.5,6279.0,1034,111,1145,1,1,943,34,3.61,148.55,149.86,149.57,50.765630517,50.765630517,50.765630517,50.765630517,46.215665742,True,
225730,2024,universidad de sucre,60767764465.0,60767764265.0,60767764265.0,60767764265.0,59550898439.0,6242,6383,6312.5,149,116,132.5,6445.0,969,127,1096,1,1,901,46,5.11,152.84,154.95,154.29,60.767764465,60.767764265,60.767764265,60.767764265,59.550898439,True,
225731,2023,universidad de la guajira,57728238296.0,57728238296.0,57728238296.0,57728238296.0,55263584064.0,15163,15273,15218.0,377,389,383.0,15601.0,2812,299,3111,1,1,1790,103,5.75,129.84,132.18,131.16,57.728238296,57.728238296,57.728238296,57.728238296,55.263584064,True,
225731,2024,universidad de la guajira,71025030510.0,71025030510.0,71025030510.0,71025030510.0,69686754477.0,15876,16725,16300.5,384,472,428.0,16728.5,2606,257,2863,1,1,1913,179,9.36,133.12,136.72,135.42,71.02503051,71.02503051,71.02503051,71.02503051,69.686754477,True,
225732,2023,universidad del pacifico,38592263192.0,38592263192.0,36156276095.0,36156276095.0,34345382431.0,2699,2959,2829.0,0,0,0.0,2829.0,402,0,402,1,1,261,35,13.41,125.2,129.33,128.52,38.592263192,38.592263192,36.156276095,36.156276095,34.345382431,True,
225732,2024,universidad del pacifico,50225396313.0,50225396313.0,50225396313.0,39747490514.0,48884315268.0,3203,3062,3132.5,0,0,0.0,3132.5,426,0,426,1,1,229,20,8.73,127.49,130.17,129.66,50.225396313,50.225396313,50.225396313,39.747490514,48.884315268,True,
225733,2023,universidad internacional del tropico americano,25885040912.0,25885040912.0,25885040912.0,25885040912.0,23861884304.0,2547,2674,2610.5,24,24,24.0,2634.5,533,41,574,1,1,226,10,4.42,135.6,137.39,136.67,25.885040912,25.885040912,25.885040912,25.885040912,23.861884304,True,Saber Pro la rotula no oficial; SNIES la registra en el sector oficial
225733,2024,universidad internacional del tropico americano,34259328124.0,34259328124.0,34259328124.0,34259328124.0,33735745100.0,2908,3263,3085.5,17,21,19.0,3104.5,494,37,531,1,1,332,26,7.83,139.47,141.99,141.63,34.259328124,34.259328124,34.259328124,34.259328124,33.7357451,True,Saber Pro la rotula no oficial; SNIES la registra en el sector oficial
225734,2023,universidad autónoma indígena intercultural uaiin cric,16525397931.0,16525397931.0,16525397931.0,16525397931.0,16303773633.0,888,732,810.0,0,0,0.0,810.0,52,0,52,1,0,,,,,,,16.525397931,16.525397931,16.525397931,16.525397931,16.303773633,False,Sin evaluados en Saber Pro en el periodo
225734,2024,universidad autónoma indígena intercultural uaiin cric,21501732707.0,21501732707.0,17824278156.0,17824278156.0,17806981562.0,873,943,908.0,0,0,0.0,908.0,13,0,13,1,0,,,,,,,21.501732707,21.501732707,17.824278156,17.824278156,17.806981562,False,Sin evaluados en Saber Pro en el periodo
