anio,pte_codigo,pte_nombre,apropiacion,compromiso,obligacion,pago,art86_obligacion,archivo,hoja,fila_excel
2023,225701,universidad nacional de colombia,1254288133774.0,1254288133774.0,1254288133774.0,1254288133774.0,1168659882547.0,data/raw/pte/2023/pte_2023_cuadros_diciembre.xlsx,Cuadro No. 7,1983
2023,225702,universidad de antioquia,533482226898.0,533482226898.0,533482226898.0,533482226898.0,526534674623.0,data/raw/pte/2023/pte_2023_cuadros_diciembre.xlsx,Cuadro No. 7,1991
2023,225703,universidad del valle,400138598786.0,400138598786.0,400138598786.0,400138598786.0,394347361499.0,data/raw/pte/2023/pte_2023_cuadros_diciembre.xlsx,Cuadro No. 7,1997
2023,225704,universidad industrial de santander,220091864722.0,220091864722.0,220091864722.0,220091864722.0,214697542283.0,data/raw/pte/2023/pte_2023_cuadros_diciembre.xlsx,Cuadro No. 7,2003
2023,225705,universidad pedagogica y tecnologica de colombia,232841428910.0,232841428910.0,232841428910.0,232841428910.0,217892909575.0,data/raw/pte/2023/pte_2023_cuadros_diciembre.xlsx,Cuadro No. 7,2009
2023,225706,universidad distrital francisco jose de caldas,49227530008.0,49227530008.0,49227530008.0,49227530008.0,44659159699.0,data/raw/pte/2023/pte_2023_cuadros_diciembre.xlsx,Cuadro No. 7,2017
2023,225707,universidad de cartagena,152456844635.0,152456844635.0,152456844635.0,152456844635.0,145351064508.0,data/raw/pte/2023/pte_2023_cuadros_diciembre.xlsx,Cuadro No. 7,2023
2023,225708,universidad de nariño,120756159895.0,120756159895.0,120756159891.0,120756159891.0,116560394802.0,data/raw/pte/2023/pte_2023_cuadros_diciembre.xlsx,Cuadro No. 7,2029
2023,225709,universidad nacional abierta y a distancia unad,116040003089.0,116040003089.0,116040003089.0,113414007980.0,90307958533.0,data/raw/pte/2023/pte_2023_cuadros_diciembre.xlsx,Cuadro No. 7,2035
2023,225710,universidad del magdalena,109445192666.0,109445192666.0,109445192666.0,109445192666.0,102890600576.0,data/raw/pte/2023/pte_2023_cuadros_diciembre.xlsx,Cuadro No. 7,2043
2023,225711,universidad del cauca,190420084092.0,190420084092.0,190420084092.0,190420084092.0,180826649543.0,data/raw/pte/2023/pte_2023_cuadros_diciembre.xlsx,Cuadro No. 7,2049
2023,225712,universidad tecnologica de pereira,203112063591.0,203112063591.0,203112063591.0,203112063591.0,192702571316.0,data/raw/pte/2023/pte_2023_cuadros_diciembre.xlsx,Cuadro No. 7,2057
2023,225713,universidad de pamplona,86210864699.0,86210864699.0,86210864699.0,86210864699.0,81277616639.0,data/raw/pte/2023/pte_2023_cuadros_diciembre.xlsx,Cuadro No. 7,2065
2023,225714,universidad surcolombiana,107774866015.0,107774866015.0,107774866015.0,107774866015.0,98889816661.0,data/raw/pte/2023/pte_2023_cuadros_diciembre.xlsx,Cuadro No. 7,2071
2023,225715,universidad pedagogica nacional,128817528511.0,128817528511.0,128817528511.0,128817528511.0,120968056489.0,data/raw/pte/2023/pte_2023_cuadros_diciembre.xlsx,Cuadro No. 7,2079
2023,225716,universidad de caldas,151843791766.0,151843791766.0,151843791766.0,151843791766.0,142092139397.0,data/raw/pte/2023/pte_2023_cuadros_diciembre.xlsx,Cuadro No. 7,2087
2023,225717,universidad militar nueva granada,53600230083.0,53600230083.0,50373359376.0,50373359376.0,36355993932.0,data/raw/pte/2023/pte_2023_cuadros_diciembre.xlsx,Cuadro No. 7,2095
2023,225718,universidad del atlantico,209272892966.0,209272892966.0,209272892966.0,209272892966.0,205798048733.0,data/raw/pte/2023/pte_2023_cuadros_diciembre.xlsx,Cuadro No. 7,2101
2023,225719,universidad del tolima,98066945001.0,98066945001.0,97742401568.0,97742401568.0,91521530254.0,data/raw/pte/2023/pte_2023_cuadros_diciembre.xlsx,Cuadro No. 7,2107
2023,225720,universidad de cordoba,154806412376.0,154806412376.0,154806412376.0,154806412376.0,148241904282.0,data/raw/pte/2023/pte_2023_cuadros_diciembre.xlsx,Cuadro No. 7,2113
2023,225721,universidad del quindio,109482665982.0,109482665982.0,109482665982.0,109482665982.0,104367610303.0,data/raw/pte/2023/pte_2023_cuadros_diciembre.xlsx,Cuadro No. 7,2121
2023,225722,universidad popular del cesar,66003620726.0,66003620726.0,64479679679.0,64479679679.0,60914315242.0,data/raw/pte/2023/pte_2023_cuadros_diciembre.xlsx,Cuadro No. 7,2127
2023,225723,universidad de los llanos,65550142142.0,65550142142.0,65550142142.0,65550142142.0,59831895010.0,data/raw/pte/2023/pte_2023_cuadros_diciembre.xlsx,Cuadro No. 7,2135
2023,225724,universidad francisco de paula santander,80055106582.0,80055106582.0,80055106582.0,80055106582.0,75693888294.0,data/raw/pte/2023/pte_2023_cuadros_diciembre.xlsx,Cuadro No. 7,2143
2023,225725,universidad francisco de paula santander seccional ocaña,44362543232.0,44362543232.0,44362543232.0,44362543232.0,40658917869.0,data/raw/pte/2023/pte_2023_cuadros_diciembre.xlsx,Cuadro No. 7,2149
2023,225726,universidad de la amazonia,63450419285.0,63450419285.0,63450419285.0,63450419285.0,58049387756.0,data/raw/pte/2023/pte_2023_cuadros_diciembre.xlsx,Cuadro No. 7,2155
2023,225727,universidad colegio mayor de cundinamarca,51449934813.0,51449934813.0,51449934813.0,51449934813.0,46636057991.0,data/raw/pte/2023/pte_2023_cuadros_diciembre.xlsx,Cuadro No. 7,2163
2023,225728,universidad de cundinamarca,43810849250.0,43810849250.0,43810849250.0,43810849250.0,39295870996.0,data/raw/pte/2023/pte_2023_cuadros_diciembre.xlsx,Cuadro No. 7,2171
2023,225729,universidad tecnologica del choco diego luis cordoba,90082017376.0,90082017376.0,90082017376.0,90082017376.0,86970389375.0,data/raw/pte/2023/pte_2023_cuadros_diciembre.xlsx,Cuadro No. 7,2177
2023,225730,universidad de sucre,50765630517.0,50765630517.0,50765630517.0,50765630517.0,46215665742.0,data/raw/pte/2023/pte_2023_cuadros_diciembre.xlsx,Cuadro No. 7,2185
2023,225731,universidad de la guajira,57728238296.0,57728238296.0,57728238296.0,57728238296.0,55263584064.0,data/raw/pte/2023/pte_2023_cuadros_diciembre.xlsx,Cuadro No. 7,2191
2023,225732,universidad del pacifico,38592263192.0,38592263192.0,36156276095.0,36156276095.0,34345382431.0,data/raw/pte/2023/pte_2023_cuadros_diciembre.xlsx,Cuadro No. 7,2197
2023,225733,universidad internacional del tropico americano,25885040912.0,25885040912.0,25885040912.0,25885040912.0,23861884304.0,data/raw/pte/2023/pte_2023_cuadros_diciembre.xlsx,Cuadro No. 7,2205
2023,225734,universidad autónoma indígena intercultural uaiin cric,16525397931.0,16525397931.0,16525397931.0,16525397931.0,16303773633.0,data/raw/pte/2023/pte_2023_cuadros_diciembre.xlsx,Cuadro No. 7,2211
2024,225701,universidad nacional de colombia,1455008227258.0,1455008227258.0,1371539493067.0,1371539493067.0,1276410323718.0,data/raw/pte/2024/pte_2024_cuadros_diciembre.xlsx,Cuadro No. 7,1902
2024,225702,universidad de antioquia,603922003348.0,603922003348.0,603922003348.0,603922003348.0,599801506589.0,data/raw/pte/2024/pte_2024_cuadros_diciembre.xlsx,Cuadro No. 7,1911
2024,225703,universidad del valle,453118833865.0,453118833865.0,453118833865.0,453118833865.0,449789758589.0,data/raw/pte/2024/pte_2024_cuadros_diciembre.xlsx,Cuadro No. 7,1917
2024,225704,universidad industrial de santander,252999544272.0,252999544272.0,252999544272.0,252999544272.0,250571833958.0,data/raw/pte/2024/pte_2024_cuadros_diciembre.xlsx,Cuadro No. 7,1923
2024,225705,universidad pedagogica y tecnologica de colombia,265193683196.0,265193683196.0,265193683196.0,265193683196.0,252310024180.0,data/raw/pte/2024/pte_2024_cuadros_diciembre.xlsx,Cuadro No. 7,1929
2024,225706,universidad distrital francisco jose de caldas,60780509251.0,60780509251.0,60780509251.0,60780509251.0,58538593932.0,data/raw/pte/2024/pte_2024_cuadros_diciembre.xlsx,Cuadro No. 7,1938
2024,225707,universidad de cartagena,177379332829.0,177379332829.0,177379332819.0,177379332819.0,172946173606.0,data/raw/pte/2024/pte_2024_cuadros_diciembre.xlsx,Cuadro No. 7,1944
2024,225708,universidad de nariño,140552085313.0,140552085313.0,140552085313.0,140552085313.0,139435139825.0,data/raw/pte/2024/pte_2024_cuadros_diciembre.xlsx,Cuadro No. 7,1950
2024,225709,universidad nacional abierta y a distancia unad,134618131991.0,134618131991.0,134618131991.0,134618131991.0,113585491349.0,data/raw/pte/2024/pte_2024_cuadros_diciembre.xlsx,Cuadro No. 7,1955
2024,225710,universidad del magdalena,130123878474.0,130123878474.0,130123878474.0,130123878474.0,126999026012.0,data/raw/pte/2024/pte_2024_cuadros_diciembre.xlsx,Cuadro No. 7,1964
2024,225711,universidad del cauca,219361842549.0,219361842549.0,219361842549.0,219361842549.0,211695662887.0,data/raw/pte/2024/pte_2024_cuadros_diciembre.xlsx,Cuadro No. 7,1970
2024,225712,universidad tecnologica de pereira,231302922180.0,231302922180.0,231302922180.0,231302922180.0,223463468305.0,data/raw/pte/2024/pte_2024_cuadros_diciembre.xlsx,Cuadro No. 7,1979
2024,225713,universidad de pamplona,102261353311.0,102261353311.0,102261353311.0,102261353311.0,100638343270.0,data/raw/pte/2024/pte_2024_cuadros_diciembre.xlsx,Cuadro No. 7,1988
2024,225714,universidad surcolombiana,125304318027.0,125304318027.0,125304318027.0,125304318027.0,118865066431.0,data/raw/pte/2024/pte_2024_cuadros_diciembre.xlsx,Cuadro No. 7,1994
2024,225715,universidad pedagogica nacional,151909108719.0,151909108719.0,151909108719.0,151909108719.0,146565001600.0,data/raw/pte/2024/pte_2024_cuadros_diciembre.xlsx,Cuadro No. 7,2003
2024,225716,universidad de caldas,175621911480.0,175621911480.0,175621911480.0,175621911480.0,167275981842.0,data/raw/pte/2024/pte_2024_cuadros_diciembre.xlsx,Cuadro No. 7,2012
2024,225717,universidad militar nueva granada,65653129454.0,65653129454.0,65653129454.0,65653129454.0,51895448285.0,data/raw/pte/2024/pte_2024_cuadros_diciembre.xlsx,Cuadro No. 7,2021
2024,225718,universidad del atlantico,238594005515.0,238594005515.0,238594005515.0,238594005515.0,237257741222.0,data/raw/pte/2024/pte_2024_cuadros_diciembre.xlsx,Cuadro No. 7,2027
2024,225719,universidad del tolima,114002561556.0,114002561556.0,113947453912.0,113947453912.0,111983628979.0,data/raw/pte/2024/pte_2024_cuadros_diciembre.xlsx,Cuadro No. 7,2033
2024,225720,universidad de cordoba,177453067531.0,177453067531.0,166358068277.0,166358068277.0,161909807857.0,data/raw/pte/2024/pte_2024_cuadros_diciembre.xlsx,Cuadro No. 7,2039
2024,225721,universidad del quindio,127925279783.0,127925279783.0,127925279783.0,127925279783.0,125314056184.0,data/raw/pte/2024/pte_2024_cuadros_diciembre.xlsx,Cuadro No. 7,2048
2024,225722,universidad popular del cesar,81573236978.0,81573236978.0,81573236938.73,81573236938.73,78375591006.73,data/raw/pte/2024/pte_2024_cuadros_diciembre.xlsx,Cuadro No. 7,2054
2024,225723,universidad de los llanos,78224885197.0,78224885197.0,78224885197.0,78224885197.0,75121829174.0,data/raw/pte/2024/pte_2024_cuadros_diciembre.xlsx,Cuadro No. 7,2063
2024,225724,universidad francisco de paula santander,93700055540.0,93700055540.0,93700055540.0,93700055540.0,92505965642.0,data/raw/pte/2024/pte_2024_cuadros_diciembre.xlsx,Cuadro No. 7,2071
2024,225725,universidad francisco de paula santander seccional ocaña,54076160135.0,54076160135.0,54076160135.0,54076160135.0,52974446052.0,data/raw/pte/2024/pte_2024_cuadros_diciembre.xlsx,Cuadro No. 7,2077
2024,225726,universidad de la amazonia,78916042683.0,78916042683.0,78916042683.0,78916042683.0,74918250289.0,data/raw/pte/2024/pte_2024_cuadros_diciembre.xlsx,Cuadro No. 7,2083
2024,225727,universidad colegio mayor de cundinamarca,65965506327.0,65965506327.0,65965506327.0,65965506327.0,61636348229.0,data/raw/pte/2024/pte_2024_cuadros_diciembre.xlsx,Cuadro No. 7,2092
2024,225728,universidad de cundinamarca,53381275102.0,53381275102.0,53381275102.0,53381275102.0,51372694699.0,data/raw/pte/2024/pte_2024_cuadros_diciembre.xlsx,Cuadro No. 7,2101
2024,225729,universidad tecnologica del choco diego luis cordoba,106826237682.0,106826237682.0,106826237682.0,106826237682.0,104812940637.0,data/raw/pte/2024/pte_2024_cuadros_diciembre.xlsx,Cuadro No. 7,2107
2024,225730,universidad de sucre,60767764465.0,60767764265.0,60767764265.0,60767764265.0,59550898439.0,data/raw/pte/2024/pte_2024_cuadros_diciembre.xlsx,Cuadro No. 7,2115
2024,225731,universidad de la guajira,71025030510.0,71025030510.0,71025030510.0,71025030510.0,69686754477.0,data/raw/pte/2024/pte_2024_cuadros_diciembre.xlsx,Cuadro No. 7,2120
2024,225732,universidad del pacifico,50225396313.0,50225396313.0,50225396313.0,39747490514.0,48884315268.0,data/raw/pte/2024/pte_2024_cuadros_diciembre.xlsx,Cuadro No. 7,2126
2024,225733,universidad internacional del tropico americano,34259328124.0,34259328124.0,34259328124.0,34259328124.0,33735745100.0,data/raw/pte/2024/pte_2024_cuadros_diciembre.xlsx,Cuadro No. 7,2134
2024,225734,universidad autónoma indígena intercultural uaiin cric,21501732707.0,21501732707.0,17824278156.0,17824278156.0,17806981562.0,data/raw/pte/2024/pte_2024_cuadros_diciembre.xlsx,Cuadro No. 7,2140
