codigo_ies,anio,nombre_ies,n_evaluados,n_ceros_escrita,global_a,global_c,global_b,pct_ceros_escrita
1101,2023,UNIVERSIDAD NACIONAL DE COLOMBIA-BOGOTÁ D.C.,3294,49,181.87,182.4,182.46,1.49
1102,2023,UNIVERSIDAD NACIONAL DE COLOMBIA-MEDELLIN,1151,25,174.91,175.66,175.74,2.17
1103,2023,UNIVERSIDAD NACIONAL DE COLOMBIA-MANIZALES,583,14,164.43,165.16,165.46,2.4
1104,2023,UNIVERSIDAD NACIONAL DE COLOMBIA-PALMIRA,245,7,153.74,154.51,155.08,2.86
1105,2023,UNIVERSIDAD PEDAGOGICA NACIONAL-BOGOTÁ D.C.,919,15,153.83,154.31,154.41,1.63
1106,2023,UNIVERSIDAD PEDAGOGICA Y TECNOLOGICA DE COLOMBIA-TUNJA,2157,53,156.38,157.12,157.29,2.46
1107,2023,UNIVERSIDAD PEDAGOGICA Y TECNOLOGICA DE COLOMBIA-DUITAMA,330,11,150.94,151.9,152.19,3.33
1108,2023,UNIVERSIDAD PEDAGOGICA Y TECNOLOGICA DE COLOMBIA-SOGAMOSO,354,6,161.41,161.96,161.97,1.69
1109,2023,UNIVERSIDAD PEDAGOGICA Y TECNOLOGICA DE COLOMBIA-CHIQUINQUIRA,91,2,147.02,147.68,147.61,2.2
1110,2023,UNIVERSIDAD DEL CAUCA-POPAYAN,1927,65,154.54,155.52,155.91,3.37
1111,2023,UNIVERSIDAD TECNOLOGICA DE PEREIRA - ITP-PEREIRA,1497,41,153.93,154.75,154.89,2.74
1112,2023,UNIVERSIDAD DE CALDAS-MANIZALES,1244,44,154.38,155.42,155.7,3.54
1113,2023,UNIVERSIDAD DE CORDOBA-MONTERIA,2391,149,140.92,142.6,143.1,6.23
1114,2023,UNIVERSIDAD SURCOLOMBIANA-NEIVA,1682,54,149.63,150.58,150.69,3.21
1115,2023,UNIVERSIDAD DE LA AMAZONIA-FLORENCIA,1002,44,136.9,138.0,138.58,4.39
1117,2023,UNIVERSIDAD MILITARNUEVA GRANADA-BOGOTÁ D.C.,2129,48,158.34,159.0,159.28,2.25
1118,2023,UNIVERSIDAD TECNOLOGICA DEL CHOCODIEGO LUIS CORDOBA-QUIBDO,1665,266,115.67,119.16,121.02,15.98
1119,2023,UNIVERSIDAD DE LOS LLANOS-VILLAVICENCIO,757,29,151.51,152.59,153.13,3.83
1120,2023,UNIVERSIDAD POPULAR DEL CESAR-VALLEDUPAR,1949,98,138.74,140.07,140.47,5.03
1121,2023,UNIVERSIDAD-COLEGIO MAYOR DE CUNDINAMARCA-BOGOTÁ D.C.,917,31,154.98,156.0,156.19,3.38
1122,2023,UNIVERSIDAD DEL PACIFICO-BUENAVENTURA,261,35,125.2,128.52,129.33,13.41
1123,2023,UNIVERSIDAD POPULAR DEL CESAR-AGUACHICA,366,39,131.33,134.11,134.54,10.66
1201,2023,UNIVERSIDAD DE ANTIOQUIA-MEDELLIN,2982,80,162.52,163.33,163.68,2.68
1202,2023,UNIVERSIDAD DEL ATLANTICO-BARRANQUILLA,2507,89,150.28,151.3,151.61,3.55
1203,2023,UNIVERSIDAD DEL VALLE-CALI,2945,127,159.56,160.86,161.35,4.31
1204,2023,UNIVERSIDAD INDUSTRIAL DE SANTANDER-BUCARAMANGA,2277,71,166.25,167.24,167.54,3.12
1205,2023,UNIVERSIDAD DE CARTAGENA-CARTAGENA,2387,133,144.04,145.53,146.27,5.57
1206,2023,UNIVERSIDAD DE NARIÑO-PASTO,1693,91,149.64,151.2,151.54,5.38
1207,2023,UNIVERSIDAD DEL TOLIMA-IBAGUE,3551,157,140.87,142.04,142.54,4.42
1208,2023,UNIVERSIDAD DEL QUINDIO-ARMENIA,1555,76,144.52,145.8,146.54,4.89
1209,2023,UNIVERSIDAD FRANCISCO DE PAULA SANTANDER-CUCUTA,1727,56,142.67,143.52,143.89,3.24
1210,2023,UNIVERSIDAD FRANCISCO DE PAULA SANTANDER-OCAÑA,698,38,139.18,140.6,141.18,5.44
1212,2023,UNIVERSIDAD DE PAMPLONA-PAMPLONA,2685,112,142.06,143.15,143.73,4.17
1213,2023,UNIVERSIDAD DEL MAGDALENA - UNIMAGDALENA-SANTA MARTA,2565,124,145.68,146.94,147.78,4.83
1214,2023,UNIVERSIDAD DE CUNDINAMARCA-UDEC-FUSAGASUGA,1447,72,147.32,148.75,149.05,4.98
1215,2023,UNIVERSIDAD DE CUNDINAMARCA-UDEC-GIRARDOT,301,15,146.38,147.77,148.15,4.98
1216,2023,UNIVERSIDAD DE CUNDINAMARCA-UDEC-UBATE,117,6,140.32,141.79,141.77,5.13
1217,2023,UNIVERSIDAD DE SUCRE-SINCELEJO,943,34,148.55,149.57,149.86,3.61
1218,2023,UNIVERSIDAD DE LA GUAJIRA-RIOHACHA,1790,103,129.84,131.16,132.18,5.75
1219,2023,UNIVERSIDAD DE ANTIOQUIA-CARMEN DE VIBORAL,103,2,165.51,166.13,166.28,1.94
1220,2023,UNIVERSIDAD DE ANTIOQUIA-ANDES,40,2,145.98,147.47,147.45,5.0
1221,2023,UNIVERSIDAD DE ANTIOQUIA-CAUCASIA,40,0,152.38,152.38,152.38,0.0
1222,2023,UNIVERSIDAD DE ANTIOQUIA-PUERTO BERRIO,14,0,136.57,136.57,136.57,0.0
1223,2023,UNIVERSIDAD DE ANTIOQUIA-TURBO,16,0,144.62,144.62,144.62,0.0
1301,2023,UNIVERSIDAD DISTRITALFRANCISCO JOSE DE CALDAS-BOGOTÁ D.C.,2419,47,165.39,166.04,166.02,1.94
1701,2023,PONTIFICIA UNIVERSIDAD JAVERIANA-BOGOTÁ D.C.,2526,34,172.27,172.71,172.83,1.35
1702,2023,PONTIFICIA UNIVERSIDAD JAVERIANA-CALI,1526,36,169.4,170.16,170.41,2.36
1703,2023,UNIVERSIDAD INCCA DE COLOMBIA-BOGOTÁ D.C.,104,2,138.71,139.18,139.52,1.92
1704,2023,UNIVERSIDAD SANTO TOMAS-BOGOTÁ D.C.,2235,79,150.72,151.71,152.14,3.53
1705,2023,UNIVERSIDAD SANTO TOMAS-BUCARAMANGA,807,73,147.78,150.37,151.03,9.05
1706,2023,UNIVERSIDAD EXTERNADO DE COLOMBIA-BOGOTÁ D.C.,1002,17,170.16,170.69,170.93,1.7
1707,2023,FUNDACION UNIVERSIDAD DE BOGOTAJORGE TADEO LOZANO-BOGOTÁ D.C.,877,14,157.72,158.22,158.24,1.6
1708,2023,FUNDACION UNIVERSIDAD DE BOGOTAJORGE TADEO LOZANO-CARTAGENA,26,1,142.96,144.06,144.04,3.85
1709,2023,UNIVERSIDAD CENTRAL-BOGOTÁ D.C.,1011,18,150.26,150.8,150.79,1.78
1710,2023,UNIVERSIDAD PONTIFICIA BOLIVARIANA-MEDELLIN,1603,53,163.03,163.94,164.84,3.31
1711,2023,UNIVERSIDAD DE LA SABANA-CHIA,1484,5,179.23,179.35,179.33,0.34
1712,2023,UNIVERSIDAD EAFIT--MEDELLIN,1658,42,169.01,169.84,170.01,2.53
1713,2023,UNIVERSIDAD DEL NORTE-BARRANQUILLA,2001,70,171.17,172.31,172.66,3.5
1714,2023,COLEGIO MAYOR DE NUESTRA SEÑORA DEL ROSARIO-BOGOTÁ D.C.,1541,13,179.35,179.63,179.76,0.84
1715,2023,FUNDACION UNIVERSIDAD DE AMERICA-BOGOTÁ D.C.,294,7,157.11,157.84,157.91,2.38
1716,2023,UNIVERSIDAD DE SAN BUENAVENTURA-CALI,688,43,146.09,147.85,148.37,6.25
1717,2023,UNIVERSIDAD DE SAN BUENAVENTURA-MEDELLIN,426,17,144.08,145.16,145.57,3.99
1718,2023,UNIVERSIDAD DE SAN BUENAVENTURA-BOGOTÁ D.C.,244,7,157.16,158.04,158.16,2.87
1719,2023,UNIVERSIDAD CATOLICA DE COLOMBIA-BOGOTÁ D.C.,1037,20,149.49,150.07,150.07,1.93
1720,2023,UNIVERSIDAD MARIANA-PASTO,1193,67,140.7,142.14,142.94,5.62
1722,2023,UNIVERSIDAD DE MANIZALES-MANIZALES,804,28,146.06,147.05,147.21,3.48
1723,2023,UNIVERSIDAD PONTIFICIA BOLIVARIANA-BUCARAMANGA,645,25,157.81,158.99,159.26,3.88
1724,2023,UNIVERSIDAD DE SAN BUENAVENTURA-CARTAGENA,757,58,136.15,138.13,138.85,7.66
1725,2023,FUNDACION UNIVERSIDAD AUTONOMA DE COLOMBIA -FUAC--BOGOTÁ D.C.,213,9,142.74,143.75,144.81,4.23
1726,2023,UNIVERSIDAD CATOLICA DE ORIENTE-RIONEGRO,722,25,145.3,146.25,146.52,3.46
1727,2023,UNIVERSIDAD PONTIFICIA BOLIVARIANA-MONTERIA,608,21,152.15,153.14,153.51,3.45
1728,2023,UNIVERSIDAD SERGIO ARBOLEDA-BOGOTÁ D.C.,967,26,157.7,158.48,158.85,2.69
1729,2023,UNIVERSIDAD EL BOSQUE-BOGOTÁ D.C.,1696,34,159.4,159.99,160.24,2.0
1730,2023,UNIVERSIDAD PONTIFICIA BOLIVARIANA-PALMIRA,87,4,148.41,149.79,149.81,4.6
1732,2023,UNIVERSIDAD SANTO TOMAS-TUNJA,623,34,148.48,150.01,150.59,5.46
1733,2023,UNIVERSIDAD SERGIO ARBOLEDA-SANTA MARTA,389,12,148.46,149.33,149.62,3.08
1734,2023,UNIVERSIDAD DE BOYACA - UNIBOYACA-TUNJA,759,25,147.37,148.29,148.6,3.29
1735,2023,UNIVERSIDAD MANUELA BELTRAN-UMB--BOGOTÁ D.C.,736,30,148.92,150.05,150.53,4.08
1801,2023,UNIVERSIDAD LA GRAN COLOMBIA-BOGOTÁ D.C.,1344,48,145.69,146.65,147.12,3.57
1802,2023,UNIVERSIDAD LA GRAN COLOMBIA-ARMENIA,298,19,151.76,153.72,153.71,6.38
1803,2023,UNIVERSIDAD DE LA SALLE-BOGOTÁ D.C.,1241,34,152.8,153.55,154.01,2.74
1804,2023,UNIVERSIDAD AUTONOMA DEL CARIBE-BARRANQUILLA,941,63,136.96,138.65,139.54,6.7
1805,2023,UNIVERSIDAD SANTIAGO DE CALI-CALI,2305,124,138.46,139.82,140.54,5.38
1806,2023,UNIVERSIDAD LIBRE-BOGOTÁ D.C.,816,34,151.29,152.46,152.99,4.17
1807,2023,UNIVERSIDAD LIBRE-CALI,860,36,146.38,147.55,147.94,4.19
1808,2023,UNIVERSIDAD LIBRE-BARRANQUILLA,850,47,148.33,149.85,150.56,5.53
1809,2023,UNIVERSIDAD LIBRE-PEREIRA,447,17,150.86,151.84,152.75,3.8
1810,2023,UNIVERSIDAD LIBRE-CUCUTA,205,9,158.47,159.72,160.49,4.39
1811,2023,UNIVERSIDAD LIBRE-SOCORRO,126,6,147.21,148.48,149.23,4.76
1812,2023,UNIVERSIDAD DE MEDELLIN-MEDELLIN,880,25,158.93,159.85,159.77,2.84
1813,2023,UNIVERSIDAD DE LOS ANDES-BOGOTÁ D.C.,2573,32,186.68,187.13,187.24,1.24
1814,2023,UNIVERSIDAD AUTONOMA LATINOAMERICANA-UNAULA-MEDELLIN,443,13,151.31,152.09,152.7,2.93
1815,2023,CORPORACION UNIVERSIDAD PILOTO DE COLOMBIA-BOGOTÁ D.C.,528,15,151.28,152.06,152.47,2.84
1816,2023,UNIVERSIDAD COOPERATIVA DE COLOMBIA-MEDELLIN,595,33,140.71,142.19,142.69,5.55
1817,2023,UNIVERSIDAD COOPERATIVA DE COLOMBIA-BUCARAMANGA,567,34,139.75,141.27,142.21,6.0
1818,2023,UNIVERSIDAD COOPERATIVA DE COLOMBIA-BOGOTÁ D.C.,3268,168,136.4,137.69,138.31,5.14
1819,2023,UNIVERSIDAD COOPERATIVA DE COLOMBIA-BARRANCABERMEJA,132,4,138.82,139.61,139.91,3.03
1820,2023,UNIVERSIDAD COOPERATIVA DE COLOMBIA-SANTA MARTA,913,64,138.28,140.13,140.74,7.01
1822,2023,CORPORACION UNIVERSIDAD PILOTO DE COLOMBIA-GIRARDOT,190,13,137.01,138.75,139.62,6.84
1823,2023,UNIVERSIDAD AUTONOMA DE BUCARAMANGA-UNAB-BUCARAMANGA,930,38,153.61,154.82,155.11,4.09
1824,2023,UNIVERSIDAD METROPOLITANA-BARRANQUILLA,684,37,142.01,143.52,143.75,5.41
1825,2023,UNIVERSIDAD AUTONOMA DE MANIZALES-MANIZALES,412,11,153.95,154.7,155.13,2.67
1826,2023,UNIVERSIDAD ANTONIO NARIÑO-BOGOTÁ D.C.,2077,193,139.56,142.03,142.95,9.29
1827,2023,UNIVERSIDAD CATOLICA DE MANIZALES-MANIZALES,246,13,141.81,143.18,143.91,5.28
1828,2023,UNIVERSIDAD ICESI-CALI,730,34,174.01,175.56,175.94,4.66
1829,2023,UNIVERSIDAD SANTIAGO DE CALI-PALMIRA,286,26,140.2,142.66,143.4,9.09
1830,2023,UNIVERSIDAD AUTONOMA DE OCCIDENTE-CALI,1059,37,154.72,155.73,156.14,3.49
1831,2023,UNIVERSIDAD DE IBAGUE-IBAGUE,398,8,147.72,148.27,148.49,2.01
1832,2023,UNIVERSIDAD TECNOLOGICA DE BOLIVAR-CARTAGENA,716,19,153.59,154.4,154.42,2.65
1833,2023,UNIVERSIDAD DEL SINÚ 'Elías Bechara Zainúm' - UNISINÚ-MONTERIA,1683,117,136.8,138.63,139.19,6.95
1834,2023,UNIVERSIDAD DEL SINÚ 'Elías Bechara Zainúm' - UNISINÚ-CARTAGENA,717,50,134.12,135.87,136.63,6.97
1835,2023,UNIVERSIDAD DE CIENCIAS APLICADAS Y AMBIENTALES UDCA.-BOGOTÁ D.C.,666,16,151.86,152.55,152.78,2.4
2102,2023,UNIVERSIDAD NACIONAL ABIERTA Y A DISTANCIA UNAD-BOGOTÁ D.C.,8594,387,135.87,136.99,137.6,4.5
2104,2023,ESCUELA SUPERIOR DE ADMINISTRACION PUBLICA-ESAP-BOGOTÁ D.C.,1928,131,133.62,135.28,136.26,6.79
2106,2023,DIRECCION NACIONAL DE ESCUELAS-BOGOTÁ D.C.,331,11,138.19,139.07,139.32,3.32
2110,2023,COLEGIO MAYOR DE ANTIOQUIA-MEDELLIN,499,19,145.35,146.38,146.82,3.81
2114,2023,ESCUELA NACIONAL DEL DEPORTE-CALI,638,20,140.41,141.24,141.49,3.13
2206,2023,INSTITUTO DEPARTAMENTAL DE BELLAS ARTES-CALI,98,4,150.13,151.44,151.09,4.08
2207,2023,INSTITUTO UNIVERSITARIO DE LA PAZ-BARRANCABERMEJA,515,28,133.83,135.13,136.08,5.44
2208,2023,CONSERVATORIO DEL TOLIMA-IBAGUE,48,3,145.56,147.21,148.22,6.25
2209,2023,POLITECNICO COLOMBIANOJAIME ISAZA CADAVID-MEDELLIN,1008,17,146.75,147.21,147.4,1.69
2211,2023,INSTITUCION UNIVERSITARIA BELLAS ARTES Y CIENCIAS DE BOLIVAR-CARTAGENA,197,21,134.15,136.94,138.01,10.66
2301,2023,UNIDAD CENTRAL DEL VALLE DEL CAUCA-TULUA,534,23,148.32,149.46,150.28,4.31
2302,2023,INSTITUCION UNIVERSITARIA DE ENVIGADO-ENVIGADO,525,9,146.07,146.54,146.75,1.71
2701,2023,INSTITUCION UNIVERSITARIA COLEGIOS DE COLOMBIA -UNICOC-BOGOTÁ D.C.,243,8,145.05,145.98,146.16,3.29
2702,2023,FUNDACION UNIVERSITARIA DE CIENCIAS DE LA SALUD-BOGOTÁ D.C.,543,21,153.81,154.94,155.26,3.87
2704,2023,COLEGIO DE ESTUDIOS SUPERIORES DE ADMINISTRACION-CESA-BOGOTÁ D.C.,223,3,179.47,179.92,180.08,1.35
2707,2023,FUNDACION UNIVERSITARIA JUAN N. CORPAS-BOGOTÁ D.C.,314,13,152.17,153.36,153.76,4.14
2708,2023,UNIVERSIDAD CES-MEDELLIN,589,27,164.31,165.75,166.22,4.58
2709,2023,FUNDACION UNIVERSITARIA SAN MARTIN-BOGOTÁ D.C.,970,54,139.72,141.11,142.05,5.57
2710,2023,FUNDACION UNIVERSITARIA MONSERRATE - UNIMONSERRATE-BOGOTÁ D.C.,217,5,137.96,138.49,139.06,2.3
2711,2023,UNIVERSIDAD CATOLICA DE PEREIRA-PEREIRA,431,20,148.48,149.77,150.26,4.64
2712,2023,FUNDACION UNIVERSITARIA KONRAD LORENZ-BOGOTÁ D.C.,675,12,157.15,157.69,157.79,1.78
2713,2023,FUNDACION UNIVERSITARIA LOS LIBERTADORES-BOGOTÁ D.C.,739,20,142.61,143.31,143.67,2.71
2715,2023,FUNDACION UNIVERSITARIA DE POPAYAN-POPAYAN,1010,50,129.37,130.56,131.11,4.95
2719,2023,FUNDACION UNIVERSITARIA LUIS AMIGO FUNLAM-MEDELLIN,1746,110,142.75,144.47,145.02,6.3
2720,2023,FUNDACION UNIVERSITARIA JUAN DE CASTELLANOS-TUNJA,492,19,139.35,140.28,141.03,3.86
2721,2023,FUNDACION UNIVERSITARIA MARIA CANO-MEDELLIN,566,24,135.83,136.9,137.38,4.24
2723,2023,FUNDACION UNIVERSITARIA AGRARIA DE COLOMBIA -UNIAGRARIA-BOGOTÁ D.C.,327,10,150.1,150.99,151.2,3.06
2724,2023,FUNDACION UNIVERSITARIA DE SAN GIL - UNISANGIL -SAN GIL,452,22,142.9,144.22,144.63,4.87
2725,2023,POLITECNICO GRANCOLOMBIANO-BOGOTÁ D.C.,8300,272,137.2,138.01,138.46,3.28
2727,2023,FUNDACION UNIVERSITARIA-CEIPA-SABANETA,811,26,144.0,144.87,145.2,3.21
2728,2023,FUNDACION UNIVERSITARIA DEL AREA ANDINA-BOGOTÁ D.C.,6718,256,136.74,137.72,138.11,3.81
2730,2023,FUNDACION ESCUELA COLOMBIANA DE REHABILITACION-BOGOTÁ D.C.,133,5,143.05,144.05,144.54,3.76
2731,2023,FUNDACION UNIVERSITARIA CATOLICA LUMEN GENTIUM-CALI,873,41,135.61,136.78,137.39,4.7
2732,2023,FUNDACION UNIVERSITARIA CATOLICA DEL NORTE-SANTA ROSA DE OSOS,629,21,138.11,138.93,139.46,3.34
2733,2023,FUNDACIÓN UNIVERSITARIA SAN ALFONSO- FUSA-BOGOTÁ D.C.,50,1,135.56,135.98,136.63,2.0
2736,2023,FUNDACION UNIVERSITARIA SEMINARIO BIBLICO DE COLOMBIA- FUSBC-MEDELLIN,17,1,162.82,163.65,169.62,5.88
2737,2023,FUNDACION UNIVERSITARIA DEL AREA ANDINA-PEREIRA,714,16,139.41,140.01,140.19,2.24
2738,2023,FUNDACION UNIVERSITARIA EMPRESARIAL DE LA CAMARA DE COMERCIO DE Bogotá -BOGOTÁ D.C.,133,3,150.19,150.86,150.87,2.26
2739,2023,FUNDACION DE ESTUDIOS SUPERIORES UNIVERSITARIOS DE URABA ANTONIO ROLDAN BETANCUR-APARTADO,21,2,128.57,130.95,131.58,9.52
2740,2023,INSTITUCION UNIVERSITARIA COLOMBO AMERICANA - UNICA-BOGOTÁ D.C.,10,1,156.4,159.65,159.33,10.0
2741,2023,FUNDACION DE ESTUDIOS SUPERIORES MONSEÑOR ABRAHAM ESCUDERO MONTOYA- FUNDES-ESPINAL,112,9,128.79,130.84,131.14,8.04
2743,2023,UNIVERSIDAD INTERNACIONAL DEL TRÓPICO AMERICANO,226,10,135.6,136.67,137.39,4.42
2744,2023,INSTITUCION UNIVERSITARIA CENTRO DE ESTUDIOS SUPERIORES MARIA GORETTI-PASTO,878,61,134.62,136.32,137.35,6.95
2745,2023,FUNDACION UNIVERSITARIA COMPENSAR,1146,19,140.49,140.92,141.07,1.66
2746,2023,FUNDACION UNIVERSITARIA SANITAS-BOGOTÁ D.C.,209,4,158.11,158.62,159.1,1.91
2747,2023,INSTITUCIÓN UNIVERSITARIA VISIÓN DE LAS AMÉRICAS-MEDELLIN,471,18,141.19,142.16,142.77,3.82
2748,2023,FUNDACION UNIVERSITARIA SEMINARIO TEOLOGICO BAUTISTA INTERNACIONAL- UNIBAUTISTA-CALI,18,0,154.5,154.5,154.5,0.0
2749,2023,INSTITUCION UNIVERSITARIA SALAZAR Y HERRERA-MEDELLIN,281,10,143.59,144.56,144.87,3.56
2805,2023,UNIVERSIDAD SIMON BOLIVAR-BARRANQUILLA,2884,222,137.78,139.76,140.67,7.7
2809,2023,CORPORACION UNIVERSITARIA TECNOLOGICA DE BOLIVAR-CARTAGENA,1,0,169.0,169.0,169.0,0.0
2810,2023,"CORPORACION UNIVERSIDAD DE LA COSTA, CUC-BARRANQUILLA",1688,43,144.48,145.15,145.5,2.55
2811,2023,ESCUELA COLOMBIANA DE INGENIERIAJULIO GARAVITO-BOGOTÁ D.C.,563,13,169.22,170.0,170.0,2.31
2812,2023,UNIVERSIDAD EAN-BOGOTÁ D.C.,1119,17,157.98,158.43,158.58,1.52
2813,2023,UNIVERSIDAD EIA-MEDELLIN,257,4,183.17,183.68,184.0,1.56
2815,2023,CORPORACION UNIVERSITARIA ADVENTISTA-MEDELLIN,203,9,145.27,146.44,147.06,4.43
2818,2023,CORPORACION UNIVERSITARIA DE SANTA ROSA DE CABAL-UNISARC-SANTA ROSA DE CABAL,153,6,135.2,136.23,136.39,3.92
2820,2023,CORPORACION UNIVERSITARIA LASALLISTA-CALDAS,223,10,146.14,147.34,147.95,4.48
2823,2023,CORPORACION UNIVERSITARIA DEL CARIBE - CECAR-SINCELEJO,1444,114,131.41,133.34,134.28,7.89
2824,2023,CORPORACION UNIVERSITARIA DE COLOMBIA IDEAS-BOGOTÁ D.C.,35,2,126.23,127.39,129.0,5.71
2825,2023,CORPORACION UNIVERSITARIA RAFAEL NUÑEZ-CARTAGENA,781,90,131.08,134.0,135.05,11.52
2827,2023,CORPORACION UNIVERSITARIA DEL META-VILLAVICENCIO,311,20,137.48,139.06,140.13,6.43
2828,2023,CORPORACION UNIVERSITARIA DEL HUILA-CORHUILA-NEIVA,472,21,132.5,133.6,134.02,4.45
2829,2023,CORPORACION UNIVERSITARIA MINUTO DE DIOS -UNIMINUTO-BOGOTÁ D.C.,13493,694,132.88,134.13,134.8,5.14
2830,2023,CORPORACION UNIVERSITARIA IBEROAMERICANA-BOGOTÁ D.C.,2002,94,133.45,134.59,135.31,4.7
2831,2023,CORPORACION UNIVERSITARIA DE CIENCIA Y DESARROLLO - UNICIENCIA-BOGOTÁ D.C.,391,17,137.83,138.93,139.51,4.35
2832,2023,UNIVERSIDAD DE SANTANDER - UDES-BUCARAMANGA,1321,95,141.25,143.27,143.5,7.19
2833,2023,CORPORACION UNIVERSITARIA REMINGTON-MEDELLIN,2797,165,133.0,134.48,135.02,5.9
2834,2023,UNIVERSITARIA AGUSTINIANA- UNIAGUSTINIANA-BOGOTÁ D.C.,699,19,143.74,144.47,144.75,2.72
2836,2023,CORPORACION UNIVERSITARIA EMPRESARIAL DE SALAMANCA-BARRANQUILLA,72,2,133.97,134.61,135.11,2.78
2837,2023,CORPORACION UNIVERSITARIA REPUBLICANA-BOGOTÁ D.C.,709,27,139.37,140.32,140.92,3.81
2838,2023,CORPORACION COLEGIATURA COLOMBIANA-MEDELLIN,103,4,148.5,149.66,149.7,3.88
2840,2023,CORPORACION UNIVERSITARIA EMPRESARIAL ALEXANDER VON HUMBOLDT - C.U.E.-ARMENIA,237,10,154.17,155.36,155.99,4.22
2841,2023,CORPORACION UNIVERSITARIA MINUTO DE DIOS -UNIMINUTO-BELLO,251,8,138.39,139.21,139.56,3.19
2842,2023,CORPORACION UNIVERSITARIA REFORMADA - CUR -BARRANQUILLA,514,41,133.78,135.74,136.86,7.98
2847,2023,UNIVERSIDAD DE INVESTIGACION Y DESARROLLO - UDI - BUCARAMANGA,356,13,140.95,141.88,142.46,3.65
2848,2023,CORPORACION UNIVERSITARIA  UNITEC-BOGOTÁ D.C.,331,13,143.52,144.54,145.14,3.93
2849,2023,CORPORACION UNIVERSITARIA AUTONOMA DEL CAUCA-POPAYAN,448,18,132.58,133.61,133.82,4.02
2850,2023,CORPORACION UNIVERSITARIA ANTONIO JOSE DE SUCRE - CORPOSUCRE-SINCELEJO,870,46,130.49,131.8,132.26,5.29
2901,2023,ESCUELA DE INTELIGENCIA Y CONTRAINTELIGENCIA BRIGADIER GENERAL RICARDO CHARRY SOLANO-BOGOTÁ D.C.,15,1,134.4,136.2,136.21,6.67
2902,2023,ESCUELA DE LOGISTICA-BOGOTÁ D.C.,21,0,137.48,137.48,137.48,0.0
2905,2023,CENTRO DE EDUCACION MILITAR-BOGOTÁ D.C.,29,3,152.83,155.96,156.42,10.34
3103,2023,INSTITUCIÓN UNIVERSITARIA MAYOR DE CARTAGENA,169,11,130.85,132.57,132.66,6.51
3104,2023,COLEGIO MAYOR DEL CAUCA-POPAYAN,302,7,137.5,138.11,138.26,2.32
3107,2023,INSTITUCION  UNIVERSITARIA PASCUAL BRAVO-MEDELLIN,460,26,141.91,143.42,144.02,5.65
3115,2023,INSTITUTO TECNOLOGICO DEL PUTUMAYO-MOCOA,220,14,130.35,132.05,131.96,6.36
3117,2023,INSTITUCION UNIVERSITARIA ITSA-SOLEDAD,433,17,139.15,140.16,140.62,3.93
3201,2023,UNIDADES TECNOLOGICAS DE SANTANDER-BUCARAMANGA,1501,64,139.07,140.2,140.55,4.26
3204,2023,TECNOLOGICO DE ANTIOQUIA-MEDELLIN,1479,55,139.46,140.44,140.81,3.72
3301,2023,INSTITUCION UNIVERSITARIA ANTONIO JOSE CAMACHO - UNIAJC-CALI,1576,98,130.13,131.65,132.23,6.22
3302,2023,INSTITUTO TECNOLOGICO METROPOLITANO-MEDELLIN,1014,25,146.25,146.97,146.98,2.47
3703,2023,INSTITUCION UNIVERSITARIA ESCOLME-MEDELLIN,196,7,133.31,134.16,134.72,3.57
3705,2023,FUNDACION UNIVERSITARIA TECNOLOGICO COMFENALCO - CARTAGENA      -CARTAGENA,1206,65,133.37,134.69,135.41,5.39
3710,2023,FUNDACION TECNOLOGICA ANTONIO DE AREVALO-CARTAGENA,86,3,129.95,130.74,131.4,3.49
3713,2023,FUNDACION UNIVERSITARIA PARA EL DESARROLLO HUMANO - UNINPAHU-BOGOTÁ D.C.,401,13,136.11,136.88,137.53,3.24
3718,2023,FUNDACION DE ESTUDIOS SUPERIORES COMFANORTE -F.E.S.C.-CUCUTA,143,8,129.67,131.02,131.6,5.59
3719,2023,INSTITUCION UNIVERSITARIA LATINA - UNILATINA-BOGOTÁ D.C.,94,3,147.74,148.67,148.78,3.19
3720,2023,FUNDACION UNIVERSITARIA ESUMER-MEDELLIN,485,16,138.76,139.6,140.03,3.3
3801,2023,CORPORACION DE ESTUDIOS TECNOLOGICOS DEL NORTE DEL VALLE-CARTAGO,41,1,132.85,133.45,133.78,2.44
3803,2023,CORPORACION UNIVERSITARIA CENTRO SUPERIOR - UNICUCES-CALI,124,4,134.31,135.06,135.67,3.23
3809,2023,INSTITUTO SUPERIOR DE CIENCIAS SOCIALES Y ECONOMICO FAMILIARES-ICSEF-BOGOTÁ D.C.,13,0,132.31,132.31,132.31,0.0
3812,2023,INSTITUCION UNIVERSITARIA MARCO FIDEL SUAREZ-BELLO,112,7,129.58,130.86,132.7,6.25
3817,2023,CORPORACION UNIVERSITARIA AUTONOMA DE NARIÑO -AUNAR-PASTO,737,32,132.57,133.68,133.94,4.34
3819,2023,CORPORACION TECNOLOGICA INDUSTRIAL COLOMBIANA - TEINCO-BOGOTÁ D.C.,130,8,137.32,138.84,139.83,6.15
3821,2023,CORPORACION POLITECNICO DE LA COSTA ATLANTICA-BARRANQUILLA,627,40,131.63,133.12,134.2,6.38
3826,2023,CORPORACION INTERNACIONAL PARA EL DESARROLLO EDUCATIVO -CIDE-BOGOTÁ D.C.,61,2,135.67,136.4,137.32,3.28
3831,2023,CORPORACION UNIVERSITARIA COMFACAUCA - UNICOMFACAUCA-POPAYAN,264,10,135.87,136.83,137.2,3.79
4101,2023,INSTITUTO DE EDUCACION TECNICA PROFESIONAL DE ROLDANILLO-ROLDANILLO,435,29,127.28,128.98,129.08,6.67
4107,2023,INSTITUTO TECNICO AGRICOLA-ITA-BUGA,16,1,122.38,123.88,124.0,6.25
4108,2023,ESCUELA TECNOLOGICA INSTITUTO TECNICO CENTRAL -BOGOTÁ D.C.,243,7,145.74,146.53,146.79,2.88
4110,2023,INSTITUTO TOLIMENSE DE FORMACION TECNICA PROFESIONAL -ESPINAL,513,57,124.79,127.47,128.27,11.11
4702,2023,FUNDACION DE EDUCACION SUPERIOR SAN JOSE -FESSANJOSE-BOGOTÁ D.C.,7918,385,131.36,132.54,133.15,4.86
4709,2023,INSTITUCION UNIVERSITARIA EAM QUINDIO-ARMENIA,116,5,138.46,139.51,140.24,4.31
4721,2023,FUNDACION UNIVERSITARIA HORIZONTE-BOGOTÁ D.C.,295,12,131.43,132.37,133.09,4.07
4726,2023,FUNDACION PARA LA EDUCACION SUPERIOR SAN MATEO FUNDACION SAN MATEO-BOGOTÁ D.C.,748,33,134.58,135.72,136.03,4.41
4810,2023,CORPORACION UNIVERSITARIA CENDA-BOGOTÁ D.C.,129,3,140.57,141.31,140.88,2.33
4813,2023,CORPORACION UNIFICADA NACIONAL DE EDUCACION SUPERIOR-CUN-BOGOTÁ D.C.,4809,171,135.42,136.29,136.78,3.56
4818,2023,CORPORACION UNIVERSITARIA LATINOAMERICANA- CUL-BARRANQUILLA,892,59,125.63,127.24,127.66,6.61
4822,2023,CORPORACION ESCUELA DE ARTES Y LETRAS-BOGOTÁ D.C.,125,3,150.65,151.32,151.58,2.4
4825,2023,CORPORACION INSTITUTO DE ADMINISTRACION Y FINANZAS - C.I.A.F.-PEREIRA,139,10,129.01,130.83,131.16,7.19
4826,2023,CORPORACION UNIVERSITARIA REGIONAL DEL CARIBE- IAFIC-CARTAGENA,172,10,127.26,128.56,129.55,5.81
4835,2023,CORPORACION UNIVERSITARIA TALLER CINCO CENTRO DE DISEÑO-BOGOTÁ D.C.,148,3,149.47,149.96,150.57,2.03
4837,2023,"CORPORACION UNIVERSITARIA DE CIENCIAS EMPRESARIALES, EDUCACION Y SALUD -CORSALUD-BARRANQUILLA",31,2,120.39,122.03,121.55,6.45
5801,2023,CORPORACION ESCUELA TECNOLOGICA DEL ORIENTE-BUCARAMANGA,72,5,126.76,128.55,128.49,6.94
5802,2023,UNIVERSIDAD ECCI-BOGOTÁ D.C.,2451,68,146.53,147.29,147.6,2.77
9103,2023,ESCUELA MILITAR DE AVIACIONMARCO FIDEL SUAREZ-CALI,93,3,145.89,146.85,146.74,3.23
9104,2023,ESCUELA MILITAR DE CADETES GENERAL JOSE MARIA CORDOVA-BOGOTÁ D.C.,281,33,141.18,144.3,145.83,11.74
9105,2023,ESCUELA NAVAL DE CADETESALMIRANTE PADILLA-CARTAGENA,284,9,148.61,149.46,149.96,3.17
9107,2023,ESCUELA DE INGENIEROS MILITARES-BOGOTÁ D.C.,95,11,142.96,146.08,147.49,11.58
9116,2023,FUNDACION UNIVERSITARIA CLARETIANA - UNICLARETIANA-QUIBDO,401,56,121.03,124.18,126.08,13.97
9119,2023,CORPORACION UNIVERSITARIA AMERICANA-BARRANQUILLA,1639,75,133.27,134.38,134.98,4.58
9120,2023,FUNDACION UNIVERSITARIA BELLAS ARTES-MEDELLIN,105,5,148.49,149.85,150.13,4.76
9121,2023,FUNDACION UNIVERSITARIA COLOMBO INTERNACIONAL - UNICOLOMBO-CARTAGENA,262,1,145.29,145.42,145.35,0.38
9122,2023,UNIVERSIDAD MANUELA BELTRAN-UMB--BUCARAMANGA,111,12,135.27,138.01,139.48,10.81
9125,2023,UNIVERSIDAD DE ANTIOQUIA-SANTAFÉ DE ANTIOQUIA,1,0,161.0,161.0,161.0,0.0
9127,2023,CORPORACION UNIVERSITARIA DE SABANETA- UNISABANETA-SABANETA,109,9,138.21,140.27,141.7,8.26
9129,2023,FUNDACION UNIVERSITARIA CAFAM-BOGOTÁ D.C.,226,3,145.69,146.02,146.28,1.33
9131,2023,FUNDACION UNIVERSITARIA CERVANTINA SAN AGUSTIN - UNICERVANTINA SAN AGUSTIN-BOGOTÁ D.C.,232,11,143.28,144.48,145.38,4.74
9899,2023,INSTITUCION UNIVERSITARIA DE COLOMBIA - UNIVERSITARIA DE COLOMBIA-BOGOTÁ D.C.,869,33,137.4,138.37,138.79,3.8
9900,2023,CORPORACION UNIVERSITARIA U DE COLOMBIA-MEDELLIN,111,2,134.81,135.24,135.5,1.8
9902,2023,FUNDACION UNIVERSITARIA COMFENALCO SANTANDER-BUCARAMANGA,34,0,132.71,132.71,132.71,0.0
9904,2023,FUNDACION TECNOLOGICA COLOMBO- GERMANA-BOGOTÁ D.C.,118,5,132.01,133.01,133.65,4.24
9905,2023,FUNDACION ESCUELA TECNOLOGICA DE NEIVA - JESUS OVIEDO PEREZ-NEIVA,65,5,122.55,124.3,125.25,7.69
9906,2023,CORPORACION UNIVERSITARIA PARA EL DESARROLLO EMPRESARIAL Y SOCIAL- CUDES-CALI,28,2,140.54,142.27,143.77,7.14
9907,2023,FUNDACION UNIVERSITARIA NAVARRA - UNINAVARRA-NEIVA,360,19,135.34,136.78,136.79,5.28
9913,2023,CORPORACION UNIVERSITARIA DE ASTURIAS-BOGOTÁ D.C.,475,32,134.99,136.72,137.38,6.74
9914,2023,"ELITE- ESCUELA LATINOAMERICANA DE INGENIEROS, TECNOLOGOS Y EMPRESARIOS-BOGOTÁ D.C.",36,2,142.31,143.94,143.65,5.56
9915,2023,UNIVERSITARIA VIRTUAL INTERNACIONAL-BOGOTÁ D.C.,306,17,134.27,135.61,136.5,5.56
9921,2023,FUNDACION UNIVERSITARIA CATOLICA DEL SUR - UNICATOLICA DEL SUR-PASTO,12,0,132.17,132.17,132.17,0.0
9922,2023,INSTITUCIÓN UNIVERSITARIA COMFAMILIAR RISARALDA,155,9,138.02,139.61,139.82,5.81
9926,2023,FUNDACION UNIVERSITARIA INTERNACIONAL DE LA RIOJA - UNIR,104,1,140.69,140.96,140.96,0.96
9927,2023,INSTITUCION UNIVERSITARIA DIGITAL DE ANTIOQUIA -IU. DIGITAL,317,14,142.9,144.06,144.61,4.42
9930,2023,INSTITUCION UNIVERSITARIA COMANDO DE EDUCACION Y DOCTRINA - CEDOC,9,0,145.89,145.89,145.89,0.0
9931,2023,FUNDACION UNIVERSITARIA PATRICIO SYMES,53,1,141.53,142.03,142.25,1.89
1101,2024,UNIVERSIDAD NACIONAL DE COLOMBIA-BOGOTÁ D.C.,3738,63,184.69,185.31,185.36,1.69
1102,2024,UNIVERSIDAD NACIONAL DE COLOMBIA-MEDELLIN,1231,21,177.89,178.45,178.68,1.71
1103,2024,UNIVERSIDAD NACIONAL DE COLOMBIA-MANIZALES,616,10,166.28,166.78,167.0,1.62
1104,2024,UNIVERSIDAD NACIONAL DE COLOMBIA-PALMIRA,310,16,154.22,155.78,156.05,5.16
1105,2024,UNIVERSIDAD PEDAGOGICA NACIONAL-BOGOTÁ D.C.,1689,57,154.96,155.95,156.27,3.37
1106,2024,UNIVERSIDAD PEDAGOGICA Y TECNOLOGICA DE COLOMBIA-TUNJA,2541,110,158.59,159.84,160.55,4.33
1107,2024,UNIVERSIDAD PEDAGOGICA Y TECNOLOGICA DE COLOMBIA-DUITAMA,395,16,155.68,156.86,157.32,4.05
1108,2024,UNIVERSIDAD PEDAGOGICA Y TECNOLOGICA DE COLOMBIA-SOGAMOSO,471,29,161.41,163.39,163.54,6.16
1109,2024,UNIVERSIDAD PEDAGOGICA Y TECNOLOGICA DE COLOMBIA-CHIQUINQUIRA,115,8,143.17,145.16,145.4,6.96
1110,2024,UNIVERSIDAD DEL CAUCA-POPAYAN,1885,42,161.57,162.27,162.4,2.23
1111,2024,UNIVERSIDAD TECNOLOGICA DE PEREIRA - ITP-PEREIRA,1722,68,155.46,156.6,157.11,3.95
1112,2024,UNIVERSIDAD DE CALDAS-MANIZALES,1324,43,157.27,158.21,158.64,3.25
1113,2024,UNIVERSIDAD DE CORDOBA-MONTERIA,2721,190,144.67,146.59,147.28,6.98
1114,2024,UNIVERSIDAD SURCOLOMBIANA-NEIVA,1775,85,150.96,152.33,152.76,4.79
1115,2024,UNIVERSIDAD DE LA AMAZONIA-FLORENCIA,1106,134,139.36,142.58,143.96,12.12
1117,2024,UNIVERSIDAD MILITARNUEVA GRANADA-BOGOTÁ D.C.,2677,99,159.13,160.2,160.79,3.7
1118,2024,UNIVERSIDAD TECNOLOGICA DEL CHOCODIEGO LUIS CORDOBA-QUIBDO,2037,281,116.69,119.67,121.54,13.79
1119,2024,UNIVERSIDAD DE LOS LLANOS-VILLAVICENCIO,764,35,153.58,154.88,155.53,4.58
1120,2024,UNIVERSIDAD POPULAR DEL CESAR-VALLEDUPAR,1772,169,142.66,145.24,146.28,9.54
1121,2024,UNIVERSIDAD-COLEGIO MAYOR DE CUNDINAMARCA-BOGOTÁ D.C.,973,43,154.88,156.15,156.74,4.42
1122,2024,UNIVERSIDAD DEL PACIFICO-BUENAVENTURA,229,20,127.49,129.66,130.17,8.73
1123,2024,UNIVERSIDAD POPULAR DEL CESAR-AGUACHICA,304,61,132.84,137.96,140.55,20.07
1201,2024,UNIVERSIDAD DE ANTIOQUIA-MEDELLIN,3905,106,167.47,168.34,168.61,2.71
1202,2024,UNIVERSIDAD DEL ATLANTICO-BARRANQUILLA,3109,139,154.34,155.64,156.11,4.47
1203,2024,UNIVERSIDAD DEL VALLE-CALI,3674,244,157.77,159.73,160.6,6.64
1204,2024,UNIVERSIDAD INDUSTRIAL DE SANTANDER-BUCARAMANGA,2594,90,168.29,169.36,169.89,3.47
1205,2024,UNIVERSIDAD DE CARTAGENA-CARTAGENA,3438,271,145.8,147.9,149.18,7.88
1206,2024,UNIVERSIDAD DE NARIÑO-PASTO,1736,98,150.43,152.05,152.55,5.65
1207,2024,UNIVERSIDAD DEL TOLIMA-IBAGUE,3662,308,139.32,141.5,142.57,8.41
1208,2024,UNIVERSIDAD DEL QUINDIO-ARMENIA,2059,134,147.39,149.21,149.88,6.51
1209,2024,UNIVERSIDAD FRANCISCO DE PAULA SANTANDER-CUCUTA,2269,123,145.35,146.86,147.32,5.42
1210,2024,UNIVERSIDAD FRANCISCO DE PAULA SANTANDER-OCAÑA,654,101,140.16,144.34,145.95,15.44
1212,2024,UNIVERSIDAD DE PAMPLONA-PAMPLONA,3283,274,141.09,143.33,144.19,8.35
1213,2024,UNIVERSIDAD DEL MAGDALENA - UNIMAGDALENA-SANTA MARTA,2831,193,145.59,147.39,148.57,6.82
1214,2024,UNIVERSIDAD DE CUNDINAMARCA-UDEC-FUSAGASUGA,1381,111,146.74,149.02,149.69,8.04
1215,2024,UNIVERSIDAD DE CUNDINAMARCA-UDEC-GIRARDOT,253,12,142.09,143.32,143.97,4.74
1216,2024,UNIVERSIDAD DE CUNDINAMARCA-UDEC-UBATE,120,18,137.13,141.22,142.22,15.0
1217,2024,UNIVERSIDAD DE SUCRE-SINCELEJO,901,46,152.84,154.29,154.95,5.11
1218,2024,UNIVERSIDAD DE LA GUAJIRA-RIOHACHA,1913,179,133.12,135.42,136.72,9.36
1219,2024,UNIVERSIDAD DE ANTIOQUIA-CARMEN DE VIBORAL,82,1,173.0,173.4,173.51,1.22
1220,2024,UNIVERSIDAD DE ANTIOQUIA-ANDES,63,1,146.38,146.71,147.39,1.59
1221,2024,UNIVERSIDAD DE ANTIOQUIA-CAUCASIA,35,2,148.63,150.01,151.73,5.71
1222,2024,UNIVERSIDAD DE ANTIOQUIA-PUERTO BERRIO,20,1,136.7,138.02,138.21,5.0
1223,2024,UNIVERSIDAD DE ANTIOQUIA-TURBO,46,1,144.35,144.9,145.31,2.17
1301,2024,UNIVERSIDAD DISTRITALFRANCISCO JOSE DE CALDAS-BOGOTÁ D.C.,3103,85,166.99,167.87,168.07,2.74
1701,2024,PONTIFICIA UNIVERSIDAD JAVERIANA-BOGOTÁ D.C.,3200,68,173.76,174.45,174.7,2.12
1702,2024,PONTIFICIA UNIVERSIDAD JAVERIANA-CALI,1075,43,168.68,169.92,170.54,4.0
1703,2024,UNIVERSIDAD INCCA DE COLOMBIA-BOGOTÁ D.C.,1352,149,131.14,133.87,135.1,11.02
1704,2024,UNIVERSIDAD SANTO TOMAS-BOGOTÁ D.C.,2215,133,150.96,152.67,153.32,6.0
1705,2024,UNIVERSIDAD SANTO TOMAS-BUCARAMANGA,797,49,152.73,154.43,155.5,6.15
1706,2024,UNIVERSIDAD EXTERNADO DE COLOMBIA-BOGOTÁ D.C.,1152,32,170.94,171.83,172.17,2.78
1707,2024,FUNDACION UNIVERSIDAD DE BOGOTAJORGE TADEO LOZANO-BOGOTÁ D.C.,919,26,162.4,163.3,163.38,2.83
1708,2024,FUNDACION UNIVERSIDAD DE BOGOTAJORGE TADEO LOZANO-CARTAGENA,26,3,150.69,154.17,154.78,11.54
1709,2024,UNIVERSIDAD CENTRAL-BOGOTÁ D.C.,1220,49,151.15,152.3,152.66,4.02
1710,2024,UNIVERSIDAD PONTIFICIA BOLIVARIANA-MEDELLIN,1812,85,163.57,164.79,166.5,4.69
1711,2024,UNIVERSIDAD DE LA SABANA-CHIA,1673,11,180.38,180.61,180.62,0.66
1712,2024,UNIVERSIDAD EAFIT--MEDELLIN,1449,35,172.8,173.61,173.8,2.42
1713,2024,UNIVERSIDAD DEL NORTE-BARRANQUILLA,2084,96,173.43,174.97,175.37,4.61
1714,2024,COLEGIO MAYOR DE NUESTRA SEÑORA DEL ROSARIO-BOGOTÁ D.C.,1560,18,182.27,182.63,182.95,1.15
1715,2024,FUNDACION UNIVERSIDAD DE AMERICA-BOGOTÁ D.C.,352,18,155.77,157.28,157.81,5.11
1716,2024,UNIVERSIDAD DE SAN BUENAVENTURA-CALI,677,51,149.82,151.86,153.2,7.53
1717,2024,UNIVERSIDAD DE SAN BUENAVENTURA-MEDELLIN,530,36,146.89,148.73,149.68,6.79
1718,2024,UNIVERSIDAD DE SAN BUENAVENTURA-BOGOTÁ D.C.,312,19,157.49,159.35,159.81,6.09
1719,2024,UNIVERSIDAD CATOLICA DE COLOMBIA-BOGOTÁ D.C.,1301,56,152.9,154.14,154.6,4.3
1720,2024,UNIVERSIDAD MARIANA-PASTO,1035,68,141.69,143.46,144.03,6.57
1722,2024,UNIVERSIDAD DE MANIZALES-MANIZALES,769,40,147.02,148.5,148.86,5.2
1723,2024,UNIVERSIDAD PONTIFICIA BOLIVARIANA-BUCARAMANGA,743,34,163.53,164.95,165.4,4.58
1724,2024,UNIVERSIDAD DE SAN BUENAVENTURA-CARTAGENA,643,40,138.86,140.49,141.14,6.22
1725,2024,FUNDACION UNIVERSIDAD AUTONOMA DE COLOMBIA -FUAC--BOGOTÁ D.C.,272,35,132.42,135.63,137.21,12.87
1726,2024,UNIVERSIDAD CATOLICA DE ORIENTE-RIONEGRO,672,35,147.07,148.49,149.15,5.21
1727,2024,UNIVERSIDAD PONTIFICIA BOLIVARIANA-MONTERIA,572,31,156.22,157.76,158.69,5.42
1728,2024,UNIVERSIDAD SERGIO ARBOLEDA-BOGOTÁ D.C.,1078,50,160.37,161.76,162.34,4.64
1729,2024,UNIVERSIDAD EL BOSQUE-BOGOTÁ D.C.,1794,79,159.17,160.52,160.85,4.4
1730,2024,UNIVERSIDAD PONTIFICIA BOLIVARIANA-PALMIRA,38,0,149.74,149.74,149.74,0.0
1732,2024,UNIVERSIDAD SANTO TOMAS-TUNJA,680,66,150.18,153.02,153.76,9.71
1733,2024,UNIVERSIDAD SERGIO ARBOLEDA-SANTA MARTA,363,7,147.42,147.87,148.47,1.93
1734,2024,UNIVERSIDAD DE BOYACA - UNIBOYACA-TUNJA,656,27,148.42,149.52,150.25,4.12
1735,2024,UNIVERSIDAD MANUELA BELTRAN-UMB--BOGOTÁ D.C.,731,42,149.38,151.0,151.61,5.75
1801,2024,UNIVERSIDAD LA GRAN COLOMBIA-BOGOTÁ D.C.,1350,81,148.55,150.19,151.07,6.0
1802,2024,UNIVERSIDAD LA GRAN COLOMBIA-ARMENIA,415,22,151.17,152.61,153.56,5.3
1803,2024,UNIVERSIDAD DE LA SALLE-BOGOTÁ D.C.,1262,56,155.76,157.0,157.8,4.44
1804,2024,UNIVERSIDAD AUTONOMA DEL CARIBE-BARRANQUILLA,964,93,139.33,141.88,142.96,9.65
1805,2024,UNIVERSIDAD SANTIAGO DE CALI-CALI,2956,240,140.36,142.55,143.2,8.12
1806,2024,UNIVERSIDAD LIBRE-BOGOTÁ D.C.,1055,48,153.64,154.96,155.47,4.55
1807,2024,UNIVERSIDAD LIBRE-CALI,968,51,147.33,148.79,149.4,5.27
1808,2024,UNIVERSIDAD LIBRE-BARRANQUILLA,1022,87,149.02,151.43,152.36,8.51
1809,2024,UNIVERSIDAD LIBRE-PEREIRA,471,26,151.79,153.4,153.88,5.52
1810,2024,UNIVERSIDAD LIBRE-CUCUTA,200,8,157.02,158.15,158.88,4.0
1811,2024,UNIVERSIDAD LIBRE-SOCORRO,144,9,147.83,149.5,150.57,6.25
1812,2024,UNIVERSIDAD DE MEDELLIN-MEDELLIN,935,31,157.37,158.34,158.74,3.32
1813,2024,UNIVERSIDAD DE LOS ANDES-BOGOTÁ D.C.,2643,89,184.43,185.61,185.94,3.37
1814,2024,UNIVERSIDAD AUTONOMA LATINOAMERICANA-UNAULA-MEDELLIN,598,27,150.95,152.18,152.96,4.52
1815,2024,CORPORACION UNIVERSIDAD PILOTO DE COLOMBIA-BOGOTÁ D.C.,610,41,150.99,152.92,153.62,6.72
1816,2024,UNIVERSIDAD COOPERATIVA DE COLOMBIA-MEDELLIN,778,59,146.67,148.86,149.21,7.58
1817,2024,UNIVERSIDAD COOPERATIVA DE COLOMBIA-BUCARAMANGA,513,44,137.64,139.84,140.9,8.58
1818,2024,UNIVERSIDAD COOPERATIVA DE COLOMBIA-BOGOTÁ D.C.,3276,256,139.23,141.27,142.14,7.81
1819,2024,UNIVERSIDAD COOPERATIVA DE COLOMBIA-BARRANCABERMEJA,117,14,141.76,145.18,145.5,11.97
1820,2024,UNIVERSIDAD COOPERATIVA DE COLOMBIA-SANTA MARTA,873,73,143.86,146.21,146.74,8.36
1822,2024,CORPORACION UNIVERSIDAD PILOTO DE COLOMBIA-GIRARDOT,146,7,138.19,139.42,140.04,4.79
1823,2024,UNIVERSIDAD AUTONOMA DE BUCARAMANGA-UNAB-BUCARAMANGA,1080,59,156.67,158.26,158.99,5.46
1824,2024,UNIVERSIDAD METROPOLITANA-BARRANQUILLA,757,50,141.62,143.38,144.13,6.61
1825,2024,UNIVERSIDAD AUTONOMA DE MANIZALES-MANIZALES,418,14,158.0,158.93,159.66,3.35
1826,2024,UNIVERSIDAD ANTONIO NARIÑO-BOGOTÁ D.C.,2471,330,138.53,142.09,143.44,13.35
1827,2024,UNIVERSIDAD CATOLICA DE MANIZALES-MANIZALES,268,18,145.56,147.47,147.83,6.72
1828,2024,UNIVERSIDAD ICESI-CALI,762,5,180.79,181.01,181.11,0.66
1829,2024,UNIVERSIDAD SANTIAGO DE CALI-PALMIRA,309,60,136.13,141.44,142.68,19.42
1830,2024,UNIVERSIDAD AUTONOMA DE OCCIDENTE-CALI,1053,52,157.57,159.02,159.61,4.94
1831,2024,UNIVERSIDAD DE IBAGUE-IBAGUE,634,38,152.46,154.24,154.61,5.99
1832,2024,UNIVERSIDAD TECNOLOGICA DE BOLIVAR-CARTAGENA,791,39,161.22,162.76,163.07,4.93
1833,2024,UNIVERSIDAD DEL SINÚ 'Elías Bechara Zainúm' - UNISINÚ-MONTERIA,1669,95,138.36,139.88,140.28,5.69
1834,2024,UNIVERSIDAD DEL SINÚ 'Elías Bechara Zainúm' - UNISINÚ-CARTAGENA,692,41,140.09,141.5,142.96,5.92
1835,2024,UNIVERSIDAD DE CIENCIAS APLICADAS Y AMBIENTALES UDCA.-BOGOTÁ D.C.,778,43,148.86,150.34,151.3,5.53
2102,2024,UNIVERSIDAD NACIONAL ABIERTA Y A DISTANCIA UNAD-BOGOTÁ D.C.,11947,1067,136.1,138.36,139.53,8.93
2104,2024,ESCUELA SUPERIOR DE ADMINISTRACION PUBLICA-ESAP-BOGOTÁ D.C.,2470,257,134.15,136.78,137.93,10.4
2106,2024,DIRECCION NACIONAL DE ESCUELAS-BOGOTÁ D.C.,313,37,136.25,139.51,139.71,11.82
2110,2024,COLEGIO MAYOR DE ANTIOQUIA-MEDELLIN,453,32,146.81,148.86,149.13,7.06
2114,2024,ESCUELA NACIONAL DEL DEPORTE-CALI,475,29,141.8,143.42,144.17,6.11
2206,2024,INSTITUTO DEPARTAMENTAL DE BELLAS ARTES-CALI,105,4,152.73,154.01,153.47,3.81
2207,2024,INSTITUTO UNIVERSITARIO DE LA PAZ-BARRANCABERMEJA,557,97,131.0,135.48,136.98,17.41
2208,2024,CONSERVATORIO DEL TOLIMA-IBAGUE,55,10,145.69,150.81,153.02,18.18
2209,2024,POLITECNICO COLOMBIANOJAIME ISAZA CADAVID-MEDELLIN,1503,79,148.56,150.09,150.37,5.26
2211,2024,INSTITUCION UNIVERSITARIA BELLAS ARTES Y CIENCIAS DE BOLIVAR-CARTAGENA,257,21,138.92,141.11,141.75,8.17
2301,2024,UNIDAD CENTRAL DEL VALLE DEL CAUCA-TULUA,843,64,150.37,152.52,153.42,7.59
2302,2024,INSTITUCION UNIVERSITARIA DE ENVIGADO-ENVIGADO,785,33,147.82,148.98,149.49,4.2
2701,2024,INSTITUCION UNIVERSITARIA COLEGIOS DE COLOMBIA -UNICOC-BOGOTÁ D.C.,239,9,148.46,149.54,149.81,3.77
2702,2024,FUNDACION UNIVERSITARIA DE CIENCIAS DE LA SALUD-BOGOTÁ D.C.,626,29,156.62,157.96,158.61,4.63
2704,2024,COLEGIO DE ESTUDIOS SUPERIORES DE ADMINISTRACION-CESA-BOGOTÁ D.C.,246,9,177.68,178.95,179.15,3.66
2707,2024,FUNDACION UNIVERSITARIA JUAN N. CORPAS-BOGOTÁ D.C.,164,13,152.12,154.29,155.72,7.93
2708,2024,UNIVERSIDAD CES-MEDELLIN,717,37,163.01,164.59,165.23,5.16
2709,2024,FUNDACION UNIVERSITARIA SAN MARTIN-BOGOTÁ D.C.,960,72,143.77,145.8,146.63,7.5
2710,2024,FUNDACION UNIVERSITARIA MONSERRATE - UNIMONSERRATE-BOGOTÁ D.C.,280,16,138.34,139.75,140.69,5.71
2711,2024,UNIVERSIDAD CATOLICA DE PEREIRA-PEREIRA,306,18,148.44,149.99,151.12,5.88
2712,2024,FUNDACION UNIVERSITARIA KONRAD LORENZ-BOGOTÁ D.C.,624,15,159.05,159.8,159.94,2.4
2713,2024,FUNDACION UNIVERSITARIA LOS LIBERTADORES-BOGOTÁ D.C.,1007,54,143.11,144.56,145.11,5.36
2715,2024,FUNDACION UNIVERSITARIA DE POPAYAN-POPAYAN,1058,73,131.11,132.81,133.52,6.9
2719,2024,FUNDACION UNIVERSITARIA LUIS AMIGO FUNLAM-MEDELLIN,1953,133,143.57,145.42,146.13,6.81
2720,2024,FUNDACION UNIVERSITARIA JUAN DE CASTELLANOS-TUNJA,588,50,139.26,141.47,142.55,8.5
2721,2024,FUNDACION UNIVERSITARIA MARIA CANO-MEDELLIN,761,46,138.98,140.54,141.28,6.04
2723,2024,FUNDACION UNIVERSITARIA AGRARIA DE COLOMBIA -UNIAGRARIA-BOGOTÁ D.C.,431,29,147.81,149.73,150.2,6.73
2724,2024,FUNDACION UNIVERSITARIA DE SAN GIL - UNISANGIL -SAN GIL,310,24,142.72,144.72,146.01,7.74
2725,2024,POLITECNICO GRANCOLOMBIANO-BOGOTÁ D.C.,9746,719,137.41,139.3,140.15,7.38
2727,2024,FUNDACION UNIVERSITARIA-CEIPA-SABANETA,852,35,144.13,145.2,145.83,4.11
2728,2024,FUNDACION UNIVERSITARIA DEL AREA ANDINA-BOGOTÁ D.C.,7814,566,137.78,139.65,140.48,7.24
2730,2024,FUNDACION ESCUELA COLOMBIANA DE REHABILITACION-BOGOTÁ D.C.,174,7,146.78,147.87,148.31,4.02
2731,2024,FUNDACION UNIVERSITARIA CATOLICA LUMEN GENTIUM-CALI,574,45,133.39,135.41,135.97,7.84
2732,2024,FUNDACION UNIVERSITARIA CATOLICA DEL NORTE-SANTA ROSA DE OSOS,672,54,137.38,139.46,140.31,8.04
2733,2024,FUNDACIÓN UNIVERSITARIA SAN ALFONSO- FUSA-BOGOTÁ D.C.,46,2,141.26,142.7,141.64,4.35
2736,2024,FUNDACION UNIVERSITARIA SEMINARIO BIBLICO DE COLOMBIA- FUSBC-MEDELLIN,33,2,154.7,156.48,157.13,6.06
2737,2024,FUNDACION UNIVERSITARIA DEL AREA ANDINA-PEREIRA,1065,48,140.23,141.36,142.12,4.51
2738,2024,FUNDACION UNIVERSITARIA EMPRESARIAL DE LA CAMARA DE COMERCIO DE Bogotá -BOGOTÁ D.C.,222,7,148.99,149.84,150.3,3.15
2739,2024,FUNDACION DE ESTUDIOS SUPERIORES UNIVERSITARIOS DE URABA ANTONIO ROLDAN BETANCUR-APARTADO,36,5,124.94,128.31,129.39,13.89
2740,2024,INSTITUCION UNIVERSITARIA COLOMBO AMERICANA - UNICA-BOGOTÁ D.C.,20,1,166.45,167.99,168.74,5.0
2741,2024,FUNDACION DE ESTUDIOS SUPERIORES MONSEÑOR ABRAHAM ESCUDERO MONTOYA- FUNDES-ESPINAL,86,6,133.14,134.93,135.43,6.98
2743,2024,UNIVERSIDAD INTERNACIONAL DEL TRÓPICO AMERICANO,332,26,139.47,141.63,141.99,7.83
2744,2024,INSTITUCION UNIVERSITARIA CENTRO DE ESTUDIOS SUPERIORES MARIA GORETTI-PASTO,1018,123,134.61,137.76,138.74,12.08
2745,2024,FUNDACION UNIVERSITARIA COMPENSAR,1026,58,139.88,141.4,141.76,5.65
2746,2024,FUNDACION UNIVERSITARIA SANITAS-BOGOTÁ D.C.,242,17,151.32,153.35,154.02,7.02
2747,2024,INSTITUCIÓN UNIVERSITARIA VISIÓN DE LAS AMÉRICAS-MEDELLIN,576,40,142.36,144.21,145.04,6.94
2748,2024,FUNDACION UNIVERSITARIA SEMINARIO TEOLOGICO BAUTISTA INTERNACIONAL- UNIBAUTISTA-CALI,60,6,141.12,143.63,145.61,10.0
2749,2024,INSTITUCION UNIVERSITARIA SALAZAR Y HERRERA-MEDELLIN,248,15,144.67,146.24,147.3,6.05
2805,2024,UNIVERSIDAD SIMON BOLIVAR-BARRANQUILLA,2787,246,138.33,140.63,141.62,8.83
2810,2024,"CORPORACION UNIVERSIDAD DE LA COSTA, CUC-BARRANQUILLA",2198,63,146.7,147.45,147.91,2.87
2811,2024,ESCUELA COLOMBIANA DE INGENIERIAJULIO GARAVITO-BOGOTÁ D.C.,589,23,170.88,172.22,172.25,3.9
2812,2024,UNIVERSIDAD EAN-BOGOTÁ D.C.,1231,43,159.74,160.73,161.4,3.49
2813,2024,UNIVERSIDAD EIA-MEDELLIN,214,4,184.33,184.88,185.58,1.87
2815,2024,CORPORACION UNIVERSITARIA ADVENTISTA-MEDELLIN,193,6,145.98,146.78,147.41,3.11
2818,2024,CORPORACION UNIVERSITARIA DE SANTA ROSA DE CABAL-UNISARC-SANTA ROSA DE CABAL,87,15,134.64,139.06,141.53,17.24
2820,2024,CORPORACION UNIVERSITARIA LASALLISTA-CALDAS,229,6,150.63,151.4,151.51,2.62
2823,2024,CORPORACION UNIVERSITARIA DEL CARIBE - CECAR-SINCELEJO,1670,172,132.83,135.37,136.78,10.3
2825,2024,CORPORACION UNIVERSITARIA RAFAEL NUÑEZ-CARTAGENA,766,112,132.11,135.85,137.22,14.62
2827,2024,CORPORACION UNIVERSITARIA DEL META-VILLAVICENCIO,321,44,138.34,142.13,142.71,13.71
2828,2024,CORPORACION UNIVERSITARIA DEL HUILA-CORHUILA-NEIVA,390,20,136.11,137.37,138.14,5.13
2829,2024,CORPORACION UNIVERSITARIA MINUTO DE DIOS -UNIMINUTO-BOGOTÁ D.C.,13535,1112,133.58,135.65,136.51,8.22
2830,2024,CORPORACION UNIVERSITARIA IBEROAMERICANA-BOGOTÁ D.C.,3409,299,133.63,135.82,136.86,8.77
2831,2024,CORPORACION UNIVERSITARIA DE CIENCIA Y DESARROLLO - UNICIENCIA-BOGOTÁ D.C.,413,43,139.48,142.2,143.5,10.41
2832,2024,UNIVERSIDAD DE SANTANDER - UDES-BUCARAMANGA,1483,113,141.23,143.23,144.21,7.62
2833,2024,CORPORACION UNIVERSITARIA REMINGTON-MEDELLIN,2630,259,134.06,136.57,137.54,9.85
2834,2024,UNIVERSITARIA AGUSTINIANA- UNIAGUSTINIANA-BOGOTÁ D.C.,974,40,145.65,146.82,147.01,4.11
2836,2024,CORPORACION UNIVERSITARIA EMPRESARIAL DE SALAMANCA-BARRANQUILLA,78,7,133.51,135.86,136.41,8.97
2837,2024,CORPORACION UNIVERSITARIA REPUBLICANA-BOGOTÁ D.C.,705,41,140.54,142.09,142.71,5.82
2838,2024,CORPORACION COLEGIATURA COLOMBIANA-MEDELLIN,120,1,157.2,157.49,157.35,0.83
2840,2024,CORPORACION UNIVERSITARIA EMPRESARIAL ALEXANDER VON HUMBOLDT - C.U.E.-ARMENIA,233,8,152.82,153.78,154.31,3.43
2841,2024,CORPORACION UNIVERSITARIA MINUTO DE DIOS -UNIMINUTO-BELLO,264,17,137.62,139.28,140.0,6.44
2842,2024,CORPORACION UNIVERSITARIA REFORMADA - CUR -BARRANQUILLA,540,49,131.72,133.99,134.85,9.07
2847,2024,UNIVERSIDAD DE INVESTIGACION Y DESARROLLO - UDI - BUCARAMANGA,411,32,143.49,145.64,146.27,7.79
2848,2024,CORPORACION UNIVERSITARIA  UNITEC-BOGOTÁ D.C.,358,22,141.92,143.43,144.78,6.15
2849,2024,CORPORACION UNIVERSITARIA AUTONOMA DEL CAUCA-POPAYAN,273,22,137.26,139.31,140.38,8.06
2850,2024,CORPORACION UNIVERSITARIA ANTONIO JOSE DE SUCRE - CORPOSUCRE-SINCELEJO,804,48,133.34,134.85,135.39,5.97
2901,2024,ESCUELA DE INTELIGENCIA Y CONTRAINTELIGENCIA BRIGADIER GENERAL RICARDO CHARRY SOLANO-BOGOTÁ D.C.,38,2,137.89,139.13,140.25,5.26
2902,2024,ESCUELA DE LOGISTICA-BOGOTÁ D.C.,19,0,144.42,144.42,144.42,0.0
2905,2024,CENTRO DE EDUCACION MILITAR-BOGOTÁ D.C.,28,5,145.89,151.13,152.0,17.86
3103,2024,INSTITUCIÓN UNIVERSITARIA MAYOR DE CARTAGENA,156,11,130.6,132.29,133.18,7.05
3104,2024,COLEGIO MAYOR DEL CAUCA-POPAYAN,366,19,140.12,141.56,141.72,5.19
3107,2024,INSTITUCION  UNIVERSITARIA PASCUAL BRAVO-MEDELLIN,568,50,144.13,146.48,147.77,8.8
3114,2024,ESCUELA NAVAL DE SUBOFICIALESARCBARRANQUILLA-BARRANQUILLA,1,0,98.0,98.0,98.0,0.0
3115,2024,INSTITUTO TECNOLOGICO DEL PUTUMAYO-MOCOA,319,48,130.69,134.47,136.02,15.05
3117,2024,INSTITUCION UNIVERSITARIA ITSA-SOLEDAD,521,35,137.82,139.59,140.23,6.72
3201,2024,UNIDADES TECNOLOGICAS DE SANTANDER-BUCARAMANGA,1629,161,139.03,141.64,142.74,9.88
3204,2024,TECNOLOGICO DE ANTIOQUIA-MEDELLIN,1711,123,140.76,142.68,143.38,7.19
3301,2024,INSTITUCION UNIVERSITARIA ANTONIO JOSE CAMACHO - UNIAJC-CALI,1877,147,129.64,131.57,132.25,7.83
3302,2024,INSTITUTO TECNOLOGICO METROPOLITANO-MEDELLIN,1610,94,147.47,149.12,149.6,5.84
3703,2024,INSTITUCION UNIVERSITARIA ESCOLME-MEDELLIN,235,11,133.25,134.4,134.93,4.68
3705,2024,FUNDACION UNIVERSITARIA TECNOLOGICO COMFENALCO - CARTAGENA      -CARTAGENA,1226,91,133.61,135.47,136.28,7.42
3710,2024,FUNDACION TECNOLOGICA ANTONIO DE AREVALO-CARTAGENA,127,8,131.5,133.26,132.85,6.3
3713,2024,FUNDACION UNIVERSITARIA PARA EL DESARROLLO HUMANO - UNINPAHU-BOGOTÁ D.C.,342,30,135.44,137.7,138.59,8.77
3718,2024,FUNDACION DE ESTUDIOS SUPERIORES COMFANORTE -F.E.S.C.-CUCUTA,159,20,133.26,136.65,136.98,12.58
3719,2024,INSTITUCION UNIVERSITARIA LATINA - UNILATINA-BOGOTÁ D.C.,59,1,149.86,150.33,150.59,1.69
3720,2024,FUNDACION UNIVERSITARIA ESUMER-MEDELLIN,483,31,139.72,141.42,142.02,6.42
3801,2024,CORPORACION DE ESTUDIOS TECNOLOGICOS DEL NORTE DEL VALLE-CARTAGO,56,2,136.61,137.57,137.72,3.57
3803,2024,CORPORACION UNIVERSITARIA CENTRO SUPERIOR - UNICUCES-CALI,185,21,131.97,134.6,137.02,11.35
3809,2024,INSTITUTO SUPERIOR DE CIENCIAS SOCIALES Y ECONOMICO FAMILIARES-ICSEF-BOGOTÁ D.C.,10,0,145.7,145.7,145.7,0.0
3812,2024,INSTITUCION UNIVERSITARIA MARCO FIDEL SUAREZ-BELLO,166,22,129.29,132.75,133.07,13.25
3817,2024,CORPORACION UNIVERSITARIA AUTONOMA DE NARIÑO -AUNAR-PASTO,760,64,132.92,135.09,135.69,8.42
3819,2024,CORPORACION TECNOLOGICA INDUSTRIAL COLOMBIANA - TEINCO-BOGOTÁ D.C.,130,8,134.38,135.95,136.47,6.15
3821,2024,CORPORACION POLITECNICO DE LA COSTA ATLANTICA-BARRANQUILLA,623,66,131.74,134.42,135.37,10.59
3826,2024,CORPORACION INTERNACIONAL PARA EL DESARROLLO EDUCATIVO -CIDE-BOGOTÁ D.C.,80,10,130.01,132.92,135.44,12.5
3831,2024,CORPORACION UNIVERSITARIA COMFACAUCA - UNICOMFACAUCA-POPAYAN,429,19,139.46,140.64,141.01,4.43
4101,2024,INSTITUTO DE EDUCACION TECNICA PROFESIONAL DE ROLDANILLO-ROLDANILLO,376,37,128.56,131.01,131.68,9.84
4107,2024,INSTITUTO TECNICO AGRICOLA-ITA-BUGA,37,7,124.16,128.59,131.33,18.92
4108,2024,ESCUELA TECNOLOGICA INSTITUTO TECNICO CENTRAL -BOGOTÁ D.C.,225,6,148.55,149.32,149.44,2.67
4110,2024,INSTITUTO TOLIMENSE DE FORMACION TECNICA PROFESIONAL -ESPINAL,571,70,125.68,128.65,129.87,12.26
4702,2024,FUNDACION DE EDUCACION SUPERIOR SAN JOSE -FESSANJOSE-BOGOTÁ D.C.,7885,796,131.92,134.46,135.44,10.1
4709,2024,INSTITUCION UNIVERSITARIA EAM QUINDIO-ARMENIA,165,23,139.63,143.45,144.54,13.94
4719,2024,FUNDACION DE EDUCACION SUPERIOR NUEVA AMERICA-BOGOTÁ D.C.,24,2,132.96,134.99,136.27,8.33
4721,2024,FUNDACION UNIVERSITARIA HORIZONTE-BOGOTÁ D.C.,226,17,132.7,134.58,135.31,7.52
4726,2024,FUNDACION PARA LA EDUCACION SUPERIOR SAN MATEO FUNDACION SAN MATEO-BOGOTÁ D.C.,692,58,133.48,135.59,136.46,8.38
4810,2024,CORPORACION UNIVERSITARIA CENDA-BOGOTÁ D.C.,151,8,136.77,138.01,139.14,5.3
4813,2024,CORPORACION UNIFICADA NACIONAL DE EDUCACION SUPERIOR-CUN-BOGOTÁ D.C.,5360,398,134.9,136.79,137.57,7.43
4818,2024,CORPORACION UNIVERSITARIA LATINOAMERICANA- CUL-BARRANQUILLA,823,92,125.99,128.72,129.53,11.18
4822,2024,CORPORACION ESCUELA DE ARTES Y LETRAS-BOGOTÁ D.C.,134,2,150.42,150.81,151.09,1.49
4825,2024,CORPORACION INSTITUTO DE ADMINISTRACION Y FINANZAS - C.I.A.F.-PEREIRA,148,14,123.11,125.38,126.0,9.46
4826,2024,CORPORACION UNIVERSITARIA REGIONAL DEL CARIBE- IAFIC-CARTAGENA,99,9,124.34,126.34,128.04,9.09
4835,2024,CORPORACION UNIVERSITARIA TALLER CINCO CENTRO DE DISEÑO-BOGOTÁ D.C.,167,10,155.03,156.85,157.19,5.99
4837,2024,"CORPORACION UNIVERSITARIA DE CIENCIAS EMPRESARIALES, EDUCACION Y SALUD -CORSALUD-BARRANQUILLA",33,3,124.18,126.22,127.6,9.09
5801,2024,CORPORACION ESCUELA TECNOLOGICA DEL ORIENTE-BUCARAMANGA,100,9,129.75,132.0,132.69,9.0
5802,2024,UNIVERSIDAD ECCI-BOGOTÁ D.C.,2130,105,147.88,149.23,149.87,4.93
9103,2024,ESCUELA MILITAR DE AVIACIONMARCO FIDEL SUAREZ-CALI,128,9,145.03,146.99,147.48,7.03
9104,2024,ESCUELA MILITAR DE CADETES GENERAL JOSE MARIA CORDOVA-BOGOTÁ D.C.,439,22,141.41,142.75,143.23,5.01
9105,2024,ESCUELA NAVAL DE CADETESALMIRANTE PADILLA-CARTAGENA,208,18,142.27,144.62,145.5,8.65
9107,2024,ESCUELA DE INGENIEROS MILITARES-BOGOTÁ D.C.,81,15,139.46,144.2,147.88,18.52
9116,2024,FUNDACION UNIVERSITARIA CLARETIANA - UNICLARETIANA-QUIBDO,669,92,122.87,126.11,127.49,13.75
9119,2024,CORPORACION UNIVERSITARIA AMERICANA-BARRANQUILLA,1724,119,133.83,135.56,136.34,6.9
9120,2024,FUNDACION UNIVERSITARIA BELLAS ARTES-MEDELLIN,102,0,154.51,154.51,154.51,0.0
9121,2024,FUNDACION UNIVERSITARIA COLOMBO INTERNACIONAL - UNICOLOMBO-CARTAGENA,337,20,147.4,149.06,149.62,5.93
9122,2024,UNIVERSIDAD MANUELA BELTRAN-UMB--BUCARAMANGA,87,4,141.95,143.24,143.45,4.6
9125,2024,UNIVERSIDAD DE ANTIOQUIA-SANTAFÉ DE ANTIOQUIA,27,1,145.3,146.44,146.12,3.7
9127,2024,CORPORACION UNIVERSITARIA DE SABANETA- UNISABANETA-SABANETA,139,4,143.0,143.74,144.16,2.88
9129,2024,FUNDACION UNIVERSITARIA CAFAM-BOGOTÁ D.C.,256,7,148.16,148.87,149.4,2.73
9131,2024,FUNDACION UNIVERSITARIA CERVANTINA SAN AGUSTIN - UNICERVANTINA SAN AGUSTIN-BOGOTÁ D.C.,345,34,142.25,144.78,146.57,9.86
9899,2024,INSTITUCION UNIVERSITARIA DE COLOMBIA - UNIVERSITARIA DE COLOMBIA-BOGOTÁ D.C.,614,33,140.04,141.47,141.93,5.37
9900,2024,CORPORACION UNIVERSITARIA U DE COLOMBIA-MEDELLIN,99,1,140.08,140.31,140.58,1.01
9902,2024,FUNDACION UNIVERSITARIA COMFENALCO SANTANDER-BUCARAMANGA,34,4,130.56,133.63,134.07,11.76
9904,2024,FUNDACION TECNOLOGICA COLOMBO- GERMANA-BOGOTÁ D.C.,326,22,128.24,129.87,130.53,6.75
9905,2024,FUNDACION ESCUELA TECNOLOGICA DE NEIVA - JESUS OVIEDO PEREZ-NEIVA,155,16,127.15,129.64,130.77,10.32
9906,2024,CORPORACION UNIVERSITARIA PARA EL DESARROLLO EMPRESARIAL Y SOCIAL- CUDES-CALI,8,0,142.25,142.25,142.25,0.0
9907,2024,FUNDACION UNIVERSITARIA NAVARRA - UNINAVARRA-NEIVA,300,15,139.52,140.85,141.25,5.0
9913,2024,CORPORACION UNIVERSITARIA DE ASTURIAS-BOGOTÁ D.C.,716,49,135.75,137.46,138.36,6.84
9914,2024,"ELITE- ESCUELA LATINOAMERICANA DE INGENIEROS, TECNOLOGOS Y EMPRESARIOS-BOGOTÁ D.C.",64,8,133.91,136.81,139.79,12.5
9915,2024,UNIVERSITARIA VIRTUAL INTERNACIONAL-BOGOTÁ D.C.,387,31,131.83,133.78,134.76,8.01
9921,2024,FUNDACION UNIVERSITARIA CATOLICA DEL SUR - UNICATOLICA DEL SUR-PASTO,55,5,127.44,129.65,130.3,9.09
9922,2024,INSTITUCIÓN UNIVERSITARIA COMFAMILIAR RISARALDA,128,18,133.68,137.18,139.22,14.06
9923,2024,CORPORACION UNIVERSITARIA DE CATALUÑA,300,26,138.02,140.3,141.15,8.67
9924,2024,FUNDACION UNIVERSITARIA INTERNACIONAL DE COLOMBIA - UNINCOL,3,0,148.67,148.67,148.67,0.0
9926,2024,FUNDACION UNIVERSITARIA INTERNACIONAL DE LA RIOJA - UNIR,661,68,138.83,141.4,143.26,10.29
9927,2024,INSTITUCION UNIVERSITARIA DIGITAL DE ANTIOQUIA -IU. DIGITAL,610,30,138.07,139.32,139.93,4.92
9928,2024,FUNDACIÓN UNIVERSITARIA SALESIANA,13,1,158.62,161.31,160.25,7.69
9930,2024,INSTITUCION UNIVERSITARIA COMANDO DE EDUCACION Y DOCTRINA - CEDOC,26,1,149.23,150.19,151.28,3.85
9931,2024,FUNDACION UNIVERSITARIA PATRICIO SYMES,26,2,149.19,151.21,152.75,7.69
9933,2024,UNIVERSIDAD NACIONAL DE COLOMBIA,74,6,145.09,147.47,147.56,8.11
9936,2024,CORPORACIÓN UNIVERSITARIA AUTÓNOMA DEL NORTE,12,0,134.75,134.75,134.75,0.0
