pte_codigo,pte_nombre,cod_institucion,nombre_saber_pro,regla,en_snies,ies_padre_snies,nombre_snies,sector_snies
225701,universidad nacional de colombia,1101,UNIVERSIDAD NACIONAL DE COLOMBIA-BOGOTÁ D.C.,nombre en Saber Pro,True,1101,UNIVERSIDAD NACIONAL DE COLOMBIA,Oficial
225701,universidad nacional de colombia,1102,UNIVERSIDAD NACIONAL DE COLOMBIA-MEDELLIN,nombre en Saber Pro,True,1101,UNIVERSIDAD NACIONAL DE COLOMBIA,Oficial
225701,universidad nacional de colombia,1103,UNIVERSIDAD NACIONAL DE COLOMBIA-MANIZALES,nombre en Saber Pro,True,1101,UNIVERSIDAD NACIONAL DE COLOMBIA,Oficial
225701,universidad nacional de colombia,1104,UNIVERSIDAD NACIONAL DE COLOMBIA-PALMIRA,nombre en Saber Pro,True,1101,UNIVERSIDAD NACIONAL DE COLOMBIA,Oficial
225701,universidad nacional de colombia,1125,,mismo IES PADRE en SNIES,True,1101,UNIVERSIDAD NACIONAL DE COLOMBIA,Oficial
225701,universidad nacional de colombia,1126,,mismo IES PADRE en SNIES,True,1101,UNIVERSIDAD NACIONAL DE COLOMBIA,Oficial
225701,universidad nacional de colombia,9933,,mismo IES PADRE en SNIES,True,1101,UNIVERSIDAD NACIONAL DE COLOMBIA,Oficial
225702,universidad de antioquia,1201,UNIVERSIDAD DE ANTIOQUIA-MEDELLIN,nombre en Saber Pro,True,1201,UNIVERSIDAD DE ANTIOQUIA,Oficial
225702,universidad de antioquia,1219,UNIVERSIDAD DE ANTIOQUIA-CARMEN DE VIBORAL,nombre en Saber Pro,True,1201,UNIVERSIDAD DE ANTIOQUIA,Oficial
225702,universidad de antioquia,1220,UNIVERSIDAD DE ANTIOQUIA-ANDES,nombre en Saber Pro,True,1201,UNIVERSIDAD DE ANTIOQUIA,Oficial
225702,universidad de antioquia,1221,UNIVERSIDAD DE ANTIOQUIA-CAUCASIA,nombre en Saber Pro,True,1201,UNIVERSIDAD DE ANTIOQUIA,Oficial
225702,universidad de antioquia,1222,UNIVERSIDAD DE ANTIOQUIA-PUERTO BERRIO,nombre en Saber Pro,True,1201,UNIVERSIDAD DE ANTIOQUIA,Oficial
225702,universidad de antioquia,1223,UNIVERSIDAD DE ANTIOQUIA-TURBO,nombre en Saber Pro,True,1201,UNIVERSIDAD DE ANTIOQUIA,Oficial
225702,universidad de antioquia,9125,UNIVERSIDAD DE ANTIOQUIA-SANTAFÉ DE ANTIOQUIA,nombre en Saber Pro,True,1201,UNIVERSIDAD DE ANTIOQUIA,Oficial
225703,universidad del valle,1203,UNIVERSIDAD DEL VALLE-CALI,nombre en Saber Pro,True,1203,UNIVERSIDAD DEL VALLE,Oficial
225704,universidad industrial de santander,1204,UNIVERSIDAD INDUSTRIAL DE SANTANDER-BUCARAMANGA,nombre en Saber Pro,True,1204,UNIVERSIDAD INDUSTRIAL DE SANTANDER,Oficial
225705,universidad pedagogica y tecnologica de colombia,1106,UNIVERSIDAD PEDAGOGICA Y TECNOLOGICA DE COLOMBIA-TUNJA,nombre en Saber Pro,True,1106,UNIVERSIDAD PEDAGOGICA Y TECNOLOGICA DE COLOMBIA - UPTC,Oficial
225705,universidad pedagogica y tecnologica de colombia,1107,UNIVERSIDAD PEDAGOGICA Y TECNOLOGICA DE COLOMBIA-DUITAMA,nombre en Saber Pro,True,1106,UNIVERSIDAD PEDAGOGICA Y TECNOLOGICA DE COLOMBIA - UPTC,Oficial
225705,universidad pedagogica y tecnologica de colombia,1108,UNIVERSIDAD PEDAGOGICA Y TECNOLOGICA DE COLOMBIA-SOGAMOSO,nombre en Saber Pro,True,1106,UNIVERSIDAD PEDAGOGICA Y TECNOLOGICA DE COLOMBIA - UPTC,Oficial
225705,universidad pedagogica y tecnologica de colombia,1109,UNIVERSIDAD PEDAGOGICA Y TECNOLOGICA DE COLOMBIA-CHIQUINQUIRA,nombre en Saber Pro,True,1106,UNIVERSIDAD PEDAGOGICA Y TECNOLOGICA DE COLOMBIA - UPTC,Oficial
225706,universidad distrital francisco jose de caldas,1301,UNIVERSIDAD DISTRITALFRANCISCO JOSE DE CALDAS-BOGOTÁ D.C.,nombre en Saber Pro,True,1301,UNIVERSIDAD DISTRITAL-FRANCISCO JOSE DE CALDAS,Oficial
225707,universidad de cartagena,1205,UNIVERSIDAD DE CARTAGENA-CARTAGENA,nombre en Saber Pro,True,1205,UNIVERSIDAD DE CARTAGENA,Oficial
225708,universidad de nariño,1206,UNIVERSIDAD DE NARIÑO-PASTO,nombre en Saber Pro,True,1206,UNIVERSIDAD DE NARIÑO,Oficial
225709,universidad nacional abierta y a distancia unad,2102,UNIVERSIDAD NACIONAL ABIERTA Y A DISTANCIA UNAD-BOGOTÁ D.C.,nombre en Saber Pro,True,2102,UNIVERSIDAD NACIONAL ABIERTA Y A DISTANCIA UNAD,Oficial
225710,universidad del magdalena,1213,UNIVERSIDAD DEL MAGDALENA - UNIMAGDALENA-SANTA MARTA,nombre en Saber Pro,True,1213,UNIVERSIDAD DEL MAGDALENA - UNIMAGDALENA,Oficial
225711,universidad del cauca,1110,UNIVERSIDAD DEL CAUCA-POPAYAN,nombre en Saber Pro,True,1110,UNIVERSIDAD DEL CAUCA,Oficial
225712,universidad tecnologica de pereira,1111,UNIVERSIDAD TECNOLOGICA DE PEREIRA - ITP-PEREIRA,nombre en Saber Pro,True,1111,UNIVERSIDAD TECNOLOGICA DE PEREIRA - UTP,Oficial
225713,universidad de pamplona,1212,UNIVERSIDAD DE PAMPLONA-PAMPLONA,nombre en Saber Pro,True,1212,UNIVERSIDAD DE PAMPLONA,Oficial
225714,universidad surcolombiana,1114,UNIVERSIDAD SURCOLOMBIANA-NEIVA,nombre en Saber Pro,True,1114,UNIVERSIDAD SURCOLOMBIANA,Oficial
225715,universidad pedagogica nacional,1105,UNIVERSIDAD PEDAGOGICA NACIONAL-BOGOTÁ D.C.,nombre en Saber Pro,True,1105,UNIVERSIDAD PEDAGOGICA NACIONAL,Oficial
225716,universidad de caldas,1112,UNIVERSIDAD DE CALDAS-MANIZALES,nombre en Saber Pro,True,1112,UNIVERSIDAD DE CALDAS,Oficial
225717,universidad militar nueva granada,1117,UNIVERSIDAD MILITARNUEVA GRANADA-BOGOTÁ D.C.,nombre en Saber Pro,True,1117,UNIVERSIDAD MILITAR-NUEVA GRANADA,Oficial
225718,universidad del atlantico,1202,UNIVERSIDAD DEL ATLANTICO-BARRANQUILLA,nombre en Saber Pro,True,1202,UNIVERSIDAD DEL ATLANTICO,Oficial
225719,universidad del tolima,1207,UNIVERSIDAD DEL TOLIMA-IBAGUE,nombre en Saber Pro,True,1207,UNIVERSIDAD DEL TOLIMA,Oficial
225720,universidad de cordoba,1113,UNIVERSIDAD DE CORDOBA-MONTERIA,nombre en Saber Pro,True,1113,UNIVERSIDAD DE CORDOBA,Oficial
225721,universidad del quindio,1208,UNIVERSIDAD DEL QUINDIO-ARMENIA,nombre en Saber Pro,True,1208,UNIVERSIDAD DEL QUINDIO,Oficial
225722,universidad popular del cesar,1120,UNIVERSIDAD POPULAR DEL CESAR-VALLEDUPAR,nombre en Saber Pro,True,1120,UNIVERSIDAD POPULAR DEL CESAR,Oficial
225722,universidad popular del cesar,1123,UNIVERSIDAD POPULAR DEL CESAR-AGUACHICA,nombre en Saber Pro,True,1120,UNIVERSIDAD POPULAR DEL CESAR,Oficial
225723,universidad de los llanos,1119,UNIVERSIDAD DE LOS LLANOS-VILLAVICENCIO,nombre en Saber Pro,True,1119,UNIVERSIDAD DE LOS LLANOS,Oficial
225724,universidad francisco de paula santander,1209,UNIVERSIDAD FRANCISCO DE PAULA SANTANDER-CUCUTA,nombre en Saber Pro,True,1209,UNIVERSIDAD FRANCISCO DE PAULA SANTANDER,Oficial
225725,universidad francisco de paula santander seccional ocaña,1210,UNIVERSIDAD FRANCISCO DE PAULA SANTANDER-OCAÑA,nombre en Saber Pro,True,1209,UNIVERSIDAD FRANCISCO DE PAULA SANTANDER,Oficial
225726,universidad de la amazonia,1115,UNIVERSIDAD DE LA AMAZONIA-FLORENCIA,nombre en Saber Pro,True,1115,UNIVERSIDAD DE LA AMAZONIA,Oficial
225727,universidad colegio mayor de cundinamarca,1121,UNIVERSIDAD-COLEGIO MAYOR DE CUNDINAMARCA-BOGOTÁ D.C.,nombre en Saber Pro,True,1121,UNIVERSIDAD-COLEGIO MAYOR DE CUNDINAMARCA,Oficial
225728,universidad de cundinamarca,1214,UNIVERSIDAD DE CUNDINAMARCA-UDEC-FUSAGASUGA,nombre en Saber Pro,True,1214,UNIVERSIDAD DE CUNDINAMARCA-UDEC,Oficial
225728,universidad de cundinamarca,1215,UNIVERSIDAD DE CUNDINAMARCA-UDEC-GIRARDOT,nombre en Saber Pro,True,1214,UNIVERSIDAD DE CUNDINAMARCA-UDEC,Oficial
225728,universidad de cundinamarca,1216,UNIVERSIDAD DE CUNDINAMARCA-UDEC-UBATE,nombre en Saber Pro,True,1214,UNIVERSIDAD DE CUNDINAMARCA-UDEC,Oficial
225729,universidad tecnologica del choco diego luis cordoba,1118,UNIVERSIDAD TECNOLOGICA DEL CHOCODIEGO LUIS CORDOBA-QUIBDO,nombre en Saber Pro,True,1118,UNIVERSIDAD TECNOLOGICA DEL CHOCO-DIEGO LUIS CORDOBA,Oficial
225730,universidad de sucre,1217,UNIVERSIDAD DE SUCRE-SINCELEJO,nombre en Saber Pro,True,1217,UNIVERSIDAD DE SUCRE,Oficial
225731,universidad de la guajira,1218,UNIVERSIDAD DE LA GUAJIRA-RIOHACHA,nombre en Saber Pro,True,1218,UNIVERSIDAD DE LA GUAJIRA,Oficial
225732,universidad del pacifico,1122,UNIVERSIDAD DEL PACIFICO-BUENAVENTURA,nombre en Saber Pro,True,1122,UNIVERSIDAD DEL PACIFICO,Oficial
225733,universidad internacional del tropico americano,2743,UNIVERSIDAD INTERNACIONAL DEL TRÓPICO AMERICANO,nombre en Saber Pro,True,2743,UNIVERSIDAD INTERNACIONAL DEL TRÓPICO AMERICANO - UNITRÓPICO,Oficial
225734,universidad autónoma indígena intercultural uaiin cric,9929,,nombre en SNIES (sin evaluados en Saber Pro),True,9929,UNIVERSIDAD AUTÓNOMA INDÍGENA INTERCULTURAL - UAIIN,Oficial
