ubicacion,ruta,carpeta,tipo,extension,tamano_mb,modificado,sha256,en_git,inventariado_por,alertas
repositorio,.gitignore,(raiz),otro,,0.0,2026-09-16 05:54,bcd60c26d1e8f17ec1b0ca61c0c17fc747c018f2b5f7004c3c06de1fff1ed403,si,Eduar,
repositorio,Códigos/Exploración.ipynb,Códigos,codigo,.ipynb,7.546,2026-09-10 20:12,bdeb41dfe27baa276a505959e3d9e9b5f74257bc1a11be58840477c3dc604a1f,si,Eduar,
repositorio,Códigos/Exploración.py,Códigos,codigo,.py,0.003,2026-09-10 20:12,5472fe8c58b0b07ea59b50a0c3772195d65837149b9901147dfd75736a00bd68,si,Eduar,
repositorio,Códigos/extrae_pte_educacion_full.py,Códigos,codigo,.py,0.006,2026-09-10 20:12,1efaf54a41265ffca95697a2d3c6b4ad4629b01cccf94db27827f0a92c7ab4d5,si,Eduar,
repositorio,Códigos/Saber Pro 2021-2024/Database.py,Códigos,codigo,.py,0.002,2026-09-10 20:12,0dedb1824829f8a493b69071e4b4b6fc22b2b1bb12f3fe439e40d4828d4ddda0,si,Eduar,
repositorio,Códigos/Saber Pro 2021-2024/modelo_estrella.png,Códigos,imagen,.png,0.076,2026-09-10 20:12,837682185bb890ab9990f7221bfe05c0b9edcd5a012c8244ce070a50b0bd11f0,si,Eduar,
repositorio,Códigos/Saber Pro 2021-2024/modelo_estrella.py,Códigos,codigo,.py,0.011,2026-09-10 20:12,3cf08bf177688d2a92f5f4b610e7015e4783fa6b187f7258f7967df3ae88a238,si,Eduar,
repositorio,Códigos/scraper_snies.py,Códigos,codigo,.py,0.016,2026-09-10 20:12,fd0e2506a3de6326f7fa9dc290af43de1579b65c6e619b3c3d8f20c6c5195e5c,si,Eduar,
repositorio,Códigos/snies_renamed_registros.py,Códigos,codigo,.py,0.005,2026-09-10 20:12,b5e9b61ec318a4c41933da783d2597fd4ead087174092c0343dc96cb808b6344,si,Eduar,
repositorio,data/raw/snies/otros/articles-411247_recurso.xlsx,data,dato,.xlsx,0.088,2026-09-16 06:42,0c8a2b7e4a631a56011520a1b2b013ef617e5c3975958a393e250205ecebb6ee,no,Eduar,
repositorio,data/raw/snies/otros/articles-411248_recurso.xlsx,data,dato,.xlsx,1.498,2026-09-16 06:42,1adddf59967ea9c7767cc5f748ea46bf0b70d9082a6e4b83f4cd329b786a74c3,no,Eduar,
repositorio,data/raw/snies/otros/articles-411249_recurso.xlsx,data,dato,.xlsx,8.517,2026-09-16 06:42,b36c998fe0e824183456f65e55e2c35e3bbd0b3597ece1f1137507c107c39733,no,Eduar,
repositorio,data/raw/snies/otros/articles-411251_recurso.xlsx,data,dato,.xlsx,8.437,2026-09-16 06:42,8056ef6c86869178abb8373c87736ae3e8959d6e8dee6422b389aef035626f0c,no,Eduar,
repositorio,data/raw/snies/otros/articles-411254_recurso.xlsx,data,dato,.xlsx,7.966,2026-09-16 06:41,f9c589c458a4511a8e1aa74e0bfbbbcc542e909d9a5fde8c443f1f1c4b9ad14e,no,Eduar,
repositorio,data/raw/snies/otros/articles-416245_recurso.xlsx,data,dato,.xlsx,7.949,2026-09-16 06:43,f2059e2592e076994e76b54117bf5789282a3c7fb181b9db29e5050ccc221df2,no,Eduar,
repositorio,data/raw/snies/otros/articles-416246_recurso.xlsx,data,dato,.xlsx,8.168,2026-09-16 06:42,210cacf3f667758208e7cdcc31bc52ee08b6bf27b36f94043bd9479b431216b5,no,Eduar,
repositorio,data/raw/snies/otros/articles-416248_recurso.xlsx,data,dato,.xlsx,7.971,2026-09-16 06:43,1de795af6a4a0c90b430be1718138f28a547d2304b769a6878c130122c2c452f,no,Eduar,
repositorio,data/raw/snies/otros/articles-416249_recurso.xlsx,data,dato,.xlsx,1.613,2026-09-16 06:42,c4f59978e515d17004d2a9a39210ec5cbb977e2c5a8546866fe8b2c434d786ea,no,Eduar,
repositorio,data/raw/snies/otros/articles-416250_recurso.xlsx,data,dato,.xlsx,0.084,2026-09-16 06:42,2c576124a75c39333a318c8179695ee1b3585a1259ce91778b7b80246c5caeb4,no,Eduar,
repositorio,data/raw/snies/otros/articles-417493_recurso.xlsx,data,dato,.xlsx,0.086,2026-09-16 06:43,be021474a8f8b01037daafb5947a447099722e3c19dc95856ff66fbafe211553,no,Eduar,
repositorio,data/raw/snies/otros/articles-421537_recurso.xlsx,data,dato,.xlsx,0.421,2026-09-16 06:44,e431820eec7ce1a0269f901f90ed5eadc108dd9be1fd7e9a5026dcabcf0585b8,no,Eduar,
repositorio,data/raw/snies/otros/articles-421538_recurso.xlsx,data,dato,.xlsx,9.63,2026-09-16 06:44,02f981281459498752d4ba9dfeeea166eef4b16c5e369d4a4cd20b5be3be96fd,no,Eduar,
repositorio,data/raw/snies/otros/articles-421540_recurso.xlsx,data,dato,.xlsx,9.074,2026-09-16 06:43,8043ed6aea668cf2f1dd5000d7924be63b5ab2c6cb7cfe754fdd216f45df4fe8,no,Eduar,
repositorio,data/raw/snies/otros/articles-421541_recurso.xlsx,data,dato,.xlsx,8.535,2026-09-16 06:43,1e4cab9fa0ac1ed7f706fd9bf0ef2a2625c439d594a6ff629d9d5ba34c301bc3,no,Eduar,
repositorio,data/raw/snies/otros/articles-421822_recurso.xlsx,data,dato,.xlsx,1.933,2026-09-16 06:43,d8ee7c82e68a8931011675abdc6accf4dc99db0fe6fe9c200a041af148165421,no,Eduar,
repositorio,data/raw/snies/otros/articles-425145_recurso.xlsx,data,dato,.xlsx,0.089,2026-09-16 06:44,2f13eaebffd1fd61e5b39487db01eb32785d06ae6cfa02bfc805ff21757594f2,no,Eduar,
repositorio,data/raw/snies/otros/articles-425147_recurso.xlsx,data,dato,.xlsx,0.423,2026-09-16 06:44,5f6f7114531f0039cd1dfb2ce10822bcb1d658a4a8e7e94cb56d00eed4d194a1,no,Eduar,
repositorio,data/raw/snies/otros/articles-425148_recurso.xlsx,data,dato,.xlsx,10.319,2026-09-16 06:44,b365df404f6ab31c2b74b0467c589635fb0795149c460ba2417e51fca0fb3317,no,Eduar,
repositorio,data/raw/snies/otros/articles-425154_recurso.xlsx,data,dato,.xlsx,9.5,2026-09-16 06:44,10b71be5224f2342fc9470b7cdd023ff51e7a68672015e219225ff19c4996d94,no,Eduar,
repositorio,data/raw/snies/otros/articles-425155_recurso.xlsx,data,dato,.xlsx,9.175,2026-09-16 06:44,141e7cc974fbf3be333863ce150d1a19a0bb88092fb7d947dd2c3827016ba1a5,no,Eduar,
repositorio,data/raw/snies/otros/articles-425156_recurso.xlsx,data,dato,.xlsx,1.906,2026-09-16 06:44,6f6b5294da02debd76edb5d7ae5e48d39104b55313221e013238bfb2345263cc,no,Eduar,
repositorio,data/raw/snies/otros/articles-430140_recurso.xlsx,data,dato,.xlsx,12.984,2026-09-16 06:45,f18a7add644af6a14feceb5c6234f5fe9908cc105b9c8d01eaece16b5077b60e,no,Eduar,
repositorio,data/raw/snies/otros/articles-430144_recurso.xlsx,data,dato,.xlsx,0.096,2026-09-16 06:45,40789ac2fa8f8d177b66153247fb12145e99ecbd0030726b375ff68b4ffa52de,no,Eduar,
repositorio,data/raw/snies/otros/articles-430146_recurso.xlsx,data,dato,.xlsx,1.802,2026-09-16 06:45,f0defdbecf1335d33c2f83a4f998dd3a56f5c2bd7d8d7a3b7de99b3acfc62b58,no,Eduar,
repositorio,data/raw/snies/otros/articles-430148_recurso.xlsx,data,dato,.xlsx,11.719,2026-09-16 06:46,8fda92b3beee4d42e8988c1d6c6fb9c0da4410b92e206b54b4d660b11e83c518,no,Eduar,
repositorio,data/raw/snies/otros/articles-430151_recurso.xlsx,data,dato,.xlsx,8.311,2026-09-16 06:45,1145e12c9e5161a961979810179ae289ab582ea5a587ca3e5f7e7ce620b5337c,no,Eduar,
repositorio,data/raw/snies/otros/articles-430155_recurso.xlsx,data,dato,.xlsx,13.345,2026-09-16 06:46,4c1379427d4834631894189e3fd2bfdfad991188e712a45c0fc8415b8e0e9cde,no,Eduar,
repositorio,data/raw/snies/otros/articles-430283_recurso.xlsx,data,dato,.xlsx,0.34,2026-09-16 06:44,81d2ad33809d9433445ccbb32b302fb562a8068574714b31f757f4511c13f914,no,Eduar,
repositorio,data/raw/snies/snies_graduados_2021_articles-411250.xlsx,data,dato,.xlsx,7.592,2026-09-16 06:42,50e9db072e598b3d0f101b14254c038462afdd9d6fbeab7f796bb93d2464d615,no,Eduar,
repositorio,data/raw/snies/snies_graduados_2022_articles-416247.xlsx,data,dato,.xlsx,7.596,2026-09-16 06:42,f1c398edc90fa8da5fc2eabda94ea05cad8b05dc50a82d65eecc3be70cf7d5fd,no,Eduar,
repositorio,data/raw/snies/snies_graduados_2023_articles-421535.xlsx,data,dato,.xlsx,7.926,2026-09-16 06:43,8162c73b7fa16ea36fe2d3b25183711d9efa07c5c62a25c0013f61f2388e9664,no,Eduar,
repositorio,data/raw/snies/snies_graduados_2024_articles-425146.xlsx,data,dato,.xlsx,8.078,2026-09-16 06:44,8de07b72101de145c6a99c06201a32764c8d30455a10da75dd840bd7ed91d7f6,no,Eduar,
repositorio,data/raw/snies/snies_matriculados_2021_articles-411252.xlsx,data,dato,.xlsx,11.787,2026-09-16 06:42,0af7492c6aa6dd3ef9f6d01ba80ba64c5b68fe74f371b4d935388bfd27512266,no,Eduar,
repositorio,data/raw/snies/snies_matriculados_2022_articles-416244.xlsx,data,dato,.xlsx,11.563,2026-09-16 06:43,d2e12bb501c5b4d30e5447dd3a1b814c6bf4573e0868031b0c5f6cb6b3689dbf,no,Eduar,
repositorio,data/raw/snies/snies_matriculados_2023_articles-421539.xlsx,data,dato,.xlsx,12.117,2026-09-16 06:43,629316ca389a1a959fd449980837d2d6c74c6b56c9015e9c08d84f8c28a9dfba,no,Eduar,
repositorio,data/raw/snies/snies_matriculados_2024_articles-425151.xlsx,data,dato,.xlsx,12.939,2026-09-16 06:44,6558fdb32d95eddb2c34d904b6adb9462f5a14e670937a87c3a4ecf5aef4d5d6,no,Eduar,
repositorio,docs/.gitkeep,docs,otro,,0.0,2026-09-10 20:12,7eb70257593da06f682a3ddda54a9d260d4fc514f645237f5ca74b08f8da61a6,si,Eduar,
repositorio,docs/analisis_de_bases_seleccionadas.md,docs,documento,.md,0.018,2026-09-10 20:12,b411271f2e10b7b7b45eee303710bdfbb5289ca2d3fe7e9f82a15af6c6240cee,si,Eduar,
repositorio,docs/BITACORA_IA.md,docs,documento,.md,0.016,2026-09-11 00:28,1a50415980cef83154fea6856545e86cfebbe998886bde5235e23c4da0321bb1,si,Eduar,
repositorio,docs/Consultoria.pdf,docs,documento,.pdf,0.089,2026-09-16 05:54,a95ded8f1d6a33e4ff5108f9afd68e79d007142823148488f176c4a511b2c50a,si,Eduar,
repositorio,docs/exploracion_analisis_bivariado.md,docs,documento,.md,0.029,2026-09-10 20:12,0a33883945d12a77c43496b0ce0b6fd4386656abf7bfc67c0aca8fdd7c6dc006,si,Eduar,
repositorio,docs/exploracion_analisis_bivariado_parte_2.md,docs,documento,.md,0.006,2026-09-10 20:12,1b805b935fe98fe0ec76d523d52f06375fb0d0d8411abb63e7f9e28754aab396,si,Eduar,
repositorio,docs/exploracion_analisis_multivariado.md,docs,documento,.md,0.002,2026-09-10 20:12,f7b6d27407c3b7e8c10cac4a3aa6bc79d22b506602e66397c286da9505e9a61b,si,Eduar,
repositorio,docs/exploracion_analisis_univariado.md,docs,documento,.md,0.005,2026-09-10 20:12,63dce3efba0cbf651a237cac5f7fea6aabe5a926686e09bdd21bff16821f96c6,si,Eduar,
repositorio,docs/gobernanza/evidencias/encabezados_snies_2026-09-16.txt,docs,dato,.txt,0.008,2026-09-16 07:50,d7f5990c54d89d19b81781f16a249b8d58154cfcab2789a13116f01f0eead35b,no,Eduar,
repositorio,docs/gobernanza/evidencias/revision_pte_cuadro7_estructura_2026-09-15.txt,docs,dato,.txt,0.01,2026-09-16 05:54,c42c7f797bc64db046e20315ac74e05fb0f03f9e633ab5c08da1bcffe9137d3a,si,Eduar,DATO EN REPO PUBLICO: revisar si puede publicarse
repositorio,docs/gobernanza/evidencias/revision_pte_cuadro7_universidades_2026-09-15.txt,docs,dato,.txt,0.023,2026-09-16 05:54,5f62b6f84422d0800108e9294897c46984b795133b3f69819418c5ce82c0072c,si,Eduar,DATO EN REPO PUBLICO: revisar si puede publicarse
repositorio,docs/gobernanza/evidencias/revision_snies_contenido_2026-09-16.txt,docs,dato,.txt,0.012,2026-09-16 07:25,0bc8c8e5051697ea3fc2cee2b20ed165ea06c93fcd65ac6686f7a92c509f4b8f,no,Eduar,
repositorio,docs/gobernanza/evidencias/scraper_snies_log_2026-09-16.txt,docs,dato,.txt,0.002,2026-09-16 06:46,ed85ba3760611eedd495ee8292a8de182cc23bbe4c7ede46578e13bb66680560,no,Eduar,
repositorio,docs/gobernanza/evidencias/scraper_snies_manifest_2026-09-16.csv,docs,dato,.csv,0.001,2026-09-16 06:46,24a902ce31fa7a6e4dffab88cd6b928180c781e3a2f20c65fc5d5f5493b59eaa,no,Eduar,
repositorio,docs/gobernanza/evidencias/verificacion_pte_cuadro4_2026-09-15.txt,docs,dato,.txt,0.001,2026-09-16 05:54,ab1ce526058693dd487e79ff9202fbf6b674a07449be27e0025b3b6e86ea7357,si,Eduar,DATO EN REPO PUBLICO: revisar si puede publicarse
repositorio,docs/informe_final.md,docs,documento,.md,0.021,2026-09-10 20:12,7ba6519551f302f50b112e00f5ed77ddc97967aad586a6e73b4d766123073a2d,si,Eduar,
repositorio,docs/README.md,docs,documento,.md,0.003,2026-09-16 05:54,5ba1891f9ab10b28c66f7cefb1099df7c86fb3e4e66bb4889a9e31d03c3885e8,si,Eduar,
repositorio,Imagenes/Correlaciones.png,Imagenes,imagen,.png,0.041,2026-09-10 20:12,e536c4c3e285ab1748dc99854721452e146e1a16358c0d49c9d442b019d12e7c,si,Eduar,
repositorio,Imagenes/Departamentos.jpg,Imagenes,imagen,.jpg,0.042,2026-09-10 20:12,8dcef9c3f907f75d6e458e3dcd6992760ae7df89526cfee5ebde8d75bbcb7da4,si,Eduar,
repositorio,Imagenes/Distrib puntajes.png,Imagenes,imagen,.png,0.023,2026-09-10 20:12,9c14cad69afabe7ccff927e7aca1c9bd0eea2f23ee5e32eef55b88888598faed,si,Eduar,
repositorio,Imagenes/Distrib sexo.png,Imagenes,imagen,.png,0.017,2026-09-10 20:12,f815299e40d1d9092f25efa52d91db1795f1c62e962908217effacb946177def,si,Eduar,
repositorio,Imagenes/FAMD.png,Imagenes,imagen,.png,0.046,2026-09-10 20:12,11b2005ca17752eb2fe51760b2ffe96bac2df3e696da814fa7410e2e830aa963,si,Eduar,
repositorio,Imagenes/Puntajes anuales.png,Imagenes,imagen,.png,0.033,2026-09-10 20:12,a2a090312227b605ff84464dad8fdf454758c6c4c50369b1795c4671bfd87757,si,Eduar,
repositorio,Imagenes/Universidades.jpg,Imagenes,imagen,.jpg,0.107,2026-09-10 20:12,e12237cf1a4ac226fdc7bef8f7adf069b1f35630a5f7dd2c7d4523316cecc728,si,Eduar,
repositorio,scripts/encabezados_snies.py,scripts,codigo,.py,0.001,2026-09-16 07:32,9b3aeaf0ca883a09f41d9950f62d959538c4d08d7066dd3b17b117faad433a15,no,Eduar,
repositorio,scripts/inventario.py,scripts,codigo,.py,0.006,2026-09-16 05:54,aff54e205c7c7b7fec8e23b3c0356cdd736f27f328c8c12922ee280a66b84413,si,Eduar,
repositorio,scripts/revisar_snies.py,scripts,codigo,.py,0.001,2026-09-16 07:12,5f3442bba60116382bc795c603c1c97ad6efdc209440d013a03077401b7e0f43,no,Eduar,
repositorio,scripts/verificar_herencia.py,scripts,codigo,.py,0.008,2026-09-16 05:54,2ecc004ccfb8c5062e99a3ec5a3cd510b596a0709092855e33e68a54d439d4ba,si,Eduar,
